This is pdfTeX, Version 3.141592653-2.6-1.40.29 (TeX Live 2026) (preloaded format=pdflatex 2026.9.25)  27 SEP 2026 21:12
entering extended mode
 restricted \write18 enabled.
 file:line:error style messages enabled.
 %&-line parsing enabled.
**/Users/dhyan/Documents/School/Masters/Research/Thesis/Latex/main.tex
(/Users/dhyan/Documents/School/Masters/Research/Thesis/Latex/main.tex
LaTeX2e <2025-11-01>
L3 programming layer <2026-01-19>
(/usr/local/texlive/2026/texmf-dist/tex/latex/base/article.cls
Document Class: article 2025/01/22 v1.4n Standard LaTeX document class
(/usr/local/texlive/2026/texmf-dist/tex/latex/base/size12.clo
File: size12.clo 2025/01/22 v1.4n Standard LaTeX file (size option)
)
\c@part=\count275
\c@section=\count276
\c@subsection=\count277
\c@subsubsection=\count278
\c@paragraph=\count279
\c@subparagraph=\count280
\c@figure=\count281
\c@table=\count282
\abovecaptionskip=\skip49
\belowcaptionskip=\skip50
\bibindent=\dimen148
) (./1_header/0_packages.tex (/usr/local/texlive/2026/texmf-dist/tex/latex/base/inputenc.sty
Package: inputenc 2024/02/08 v1.3d Input encoding file
\inpenc@prehook=\toks17
\inpenc@posthook=\toks18
) (/usr/local/texlive/2026/texmf-dist/tex/latex/xcolor/xcolor.sty
Package: xcolor 2024/09/29 v3.02 LaTeX color extensions (UK)
 (/usr/local/texlive/2026/texmf-dist/tex/latex/graphics-cfg/color.cfg
File: color.cfg 2016/01/02 v1.6 sample color configuration
)
Package xcolor Info: Driver file: pdftex.def on input line 274.
 (/usr/local/texlive/2026/texmf-dist/tex/latex/graphics-def/pdftex.def
File: pdftex.def 2025/09/29 v1.2d Graphics/color driver for pdftex
) (/usr/local/texlive/2026/texmf-dist/tex/latex/graphics/mathcolor.ltx)
Package xcolor Info: Model `cmy' substituted by `cmy0' on input line 1349.
Package xcolor Info: Model `hsb' substituted by `rgb' on input line 1353.
Package xcolor Info: Model `RGB' extended on input line 1365.
Package xcolor Info: Model `HTML' substituted by `rgb' on input line 1367.
Package xcolor Info: Model `Hsb' substituted by `hsb' on input line 1368.
Package xcolor Info: Model `tHsb' substituted by `hsb' on input line 1369.
Package xcolor Info: Model `HSB' substituted by `hsb' on input line 1370.
Package xcolor Info: Model `Gray' substituted by `gray' on input line 1371.
Package xcolor Info: Model `wave' substituted by `hsb' on input line 1372.
) (/usr/local/texlive/2026/texmf-dist/tex/latex/xcolor/x11nam.def
File: x11nam.def 2024/09/29 v3.02 Predefined colors according to Unix/X11 (UK)
) (/usr/local/texlive/2026/texmf-dist/tex/latex/graphics/dvipsnam.def
File: dvipsnam.def 2016/06/17 v3.0m Driver-dependent file (DPC,SPQR)
) (/usr/local/texlive/2026/texmf-dist/tex/latex/xcolor/svgnam.def
File: svgnam.def 2024/09/29 v3.02 Predefined colors according to SVG 1.1 (UK)
) (/usr/local/texlive/2026/texmf-dist/tex/latex/colortbl/colortbl.sty
Package: colortbl 2024/10/29 v1.0k Color table columns (DPC)
 (/usr/local/texlive/2026/texmf-dist/tex/latex/tools/array.sty
Package: array 2025/09/25 v2.6n Tabular extension package (FMi)
\col@sep=\dimen149
\ar@mcellbox=\box53
\extrarowheight=\dimen150
\NC@list=\toks19
\extratabsurround=\skip51
\backup@length=\skip52
\ar@cellbox=\box54
)
\everycr=\toks20
\minrowclearance=\skip53
\rownum=\count283
) (/usr/local/texlive/2026/texmf-dist/tex/latex/adjustbox/adjustbox.sty
Package: adjustbox 2025/02/26 v1.3c Adjusting TeX boxes (trim, clip, ...)
 (/usr/local/texlive/2026/texmf-dist/tex/latex/xkeyval/xkeyval.sty
Package: xkeyval 2025/11/04 v2.10 package option processing (HA)
 (/usr/local/texlive/2026/texmf-dist/tex/generic/xkeyval/xkeyval.tex (/usr/local/texlive/2026/texmf-dist/tex/generic/xkeyval/xkvutils.tex
\XKV@toks=\toks21
\XKV@tempa@toks=\toks22
\XKV@tempb@toks=\toks23
 (/usr/local/texlive/2026/texmf-dist/tex/generic/xkeyval/keyval.tex))
\XKV@depth=\count284
File: xkeyval.tex 2014/12/03 v2.7a key=value parser (HA)
)) (/usr/local/texlive/2026/texmf-dist/tex/latex/adjustbox/adjcalc.sty
Package: adjcalc 2012/05/16 v1.1 Provides advanced setlength with multiple back-ends (calc, etex, pgfmath)
) (/usr/local/texlive/2026/texmf-dist/tex/latex/adjustbox/trimclip.sty
Package: trimclip 2025/02/21 v1.2a Trim and clip general TeX material
 (/usr/local/texlive/2026/texmf-dist/tex/latex/graphics/graphicx.sty
Package: graphicx 2024/12/31 v1.2e Enhanced LaTeX Graphics (DPC,SPQR)
 (/usr/local/texlive/2026/texmf-dist/tex/latex/graphics/graphics.sty
Package: graphics 2024/08/06 v1.4g Standard LaTeX Graphics (DPC,SPQR)
 (/usr/local/texlive/2026/texmf-dist/tex/latex/graphics/trig.sty
Package: trig 2023/12/02 v1.11 sin cos tan (DPC)
) (/usr/local/texlive/2026/texmf-dist/tex/latex/graphics-cfg/graphics.cfg
File: graphics.cfg 2016/06/04 v1.11 sample graphics configuration
)
Package graphics Info: Driver file: pdftex.def on input line 106.
)
\Gin@req@height=\dimen151
\Gin@req@width=\dimen152
) (/usr/local/texlive/2026/texmf-dist/tex/latex/collectbox/collectbox.sty
Package: collectbox 2022/10/17 v0.4c Collect macro arguments as boxes
\collectedbox=\box55
)
\tc@llx=\dimen153
\tc@lly=\dimen154
\tc@urx=\dimen155
\tc@ury=\dimen156
Package trimclip Info: Using driver 'tc-pdftex.def'.
 (/usr/local/texlive/2026/texmf-dist/tex/latex/adjustbox/tc-pdftex.def
File: tc-pdftex.def 2025/02/26 v2.3 Clipping driver for pdftex
))
\adjbox@Width=\dimen157
\adjbox@Height=\dimen158
\adjbox@Depth=\dimen159
\adjbox@Totalheight=\dimen160
\adjbox@pwidth=\dimen161
\adjbox@pheight=\dimen162
\adjbox@pdepth=\dimen163
\adjbox@ptotalheight=\dimen164
 (/usr/local/texlive/2026/texmf-dist/tex/latex/ifoddpage/ifoddpage.sty
Package: ifoddpage 2022/10/18 v1.2 Conditionals for odd/even page detection
\c@checkoddpage=\count285
) (/usr/local/texlive/2026/texmf-dist/tex/latex/varwidth/varwidth.sty
Package: varwidth 2009/03/30 ver 0.92;  Variable-width minipages
\@vwid@box=\box56
\sift@deathcycles=\count286
\@vwid@loff=\dimen165
\@vwid@roff=\dimen166
)
==> First Aid for varwidth.sty applied!
) (/usr/local/texlive/2026/texmf-dist/tex/latex/tools/afterpage.sty
Package: afterpage 2023/07/04 v1.08 After-Page Package (DPC)
\AP@output=\toks24
\AP@partial=\box57
\AP@footins=\box58
) (/usr/local/texlive/2026/texmf-dist/tex/latex/placeins/placeins.sty
Package: placeins 2005/04/18  v 2.2
) (/usr/local/texlive/2026/texmf-dist/tex/latex/pdfpages/pdfpages.sty
Package: pdfpages 2025/07/23 v0.6g Insert pages of external PDF documents (AM)
 (/usr/local/texlive/2026/texmf-dist/tex/latex/base/ifthen.sty
Package: ifthen 2024/03/16 v1.1e Standard LaTeX ifthen package (DPC)
) (/usr/local/texlive/2026/texmf-dist/tex/latex/tools/calc.sty
Package: calc 2025/03/01 v4.3b Infix arithmetic (KKT,FJ)
\calc@Acount=\count287
\calc@Bcount=\count288
\calc@Adimen=\dimen167
\calc@Bdimen=\dimen168
\calc@Askip=\skip54
\calc@Bskip=\skip55
LaTeX Info: Redefining \setlength on input line 86.
LaTeX Info: Redefining \addtolength on input line 87.
\calc@Ccount=\count289
\calc@Cskip=\skip56
) (/usr/local/texlive/2026/texmf-dist/tex/latex/eso-pic/eso-pic.sty
Package: eso-pic 2025/12/10 v3.0d eso-pic (RN)
\ESO@tempdima=\dimen169
\ESO@tempdimb=\dimen170
) (/usr/local/texlive/2026/texmf-dist/tex/latex/etoolbox/etoolbox.sty
Package: etoolbox 2025/10/02 v2.5m e-TeX tools for LaTeX (JAW)
\etb@tempcnta=\count290
)
\AM@pagewidth=\dimen171
\AM@pageheight=\dimen172
\AM@fboxrule=\dimen173
 (/usr/local/texlive/2026/texmf-dist/tex/latex/pdfpages/pppdftex.def
File: pppdftex.def 2025/07/23 v0.6g Pdfpages driver for pdfTeX (AM)
)
\pdfpages@includegraphics@status=\count291
\AM@pagebox=\box59
\AM@global@opts=\toks25
\AM@pagecnt=\count292
\AM@toc@title=\toks26
\AM@lof@heading=\toks27
\c@AM@survey=\count293
\AM@templatesizebox=\box60
) (/usr/local/texlive/2026/texmf-dist/tex/latex/algorithm2e/algorithm2e.sty
Package: algorithm2e 2017/07/18 v5.2 algorithms environments
\c@AlgoLine=\count294
\algocf@hangindent=\skip57
 (/usr/local/texlive/2026/texmf-dist/tex/latex/tools/xspace.sty
Package: xspace 2014/10/28 v1.13 Space after command names (DPC,MH)
) (/usr/local/texlive/2026/texmf-dist/tex/latex/relsize/relsize.sty
Package: relsize 2013/03/29 ver 4.1
)
\skiptotal=\skip58
\skiplinenumber=\skip59
\skiprule=\skip60
\skiphlne=\skip61
\skiptext=\skip62
\skiplength=\skip63
\algomargin=\skip64
\skipalgocfslide=\skip65
\algowidth=\dimen174
\inoutsize=\dimen175
\inoutindent=\dimen176
\interspacetitleruled=\dimen177
\interspacealgoruled=\dimen178
\interspacetitleboxruled=\dimen179
\algocf@ruledwidth=\skip66
\algocf@inoutbox=\box61
\algocf@inputbox=\box62
\AlCapSkip=\skip67
\AlCapHSkip=\skip68
\algoskipindent=\skip69
\algocf@nlbox=\box63
\algocf@hangingbox=\box64
\algocf@untilbox=\box65
\algocf@skipuntil=\skip70
\algocf@capbox=\box66
\algocf@lcaptionbox=\skip71
\algoheightruledefault=\skip72
\algoheightrule=\skip73
\algotitleheightruledefault=\skip74
\algotitleheightrule=\skip75
\c@algocfline=\count295
\c@algocfproc=\count296
\c@algocf=\count297
\algocf@algoframe=\box67
\algocf@algobox=\box68
) (/usr/local/texlive/2026/texmf-dist/tex/latex/booktabs/booktabs.sty
Package: booktabs 2020/01/12 v1.61803398 Publication quality tables
\heavyrulewidth=\dimen180
\lightrulewidth=\dimen181
\cmidrulewidth=\dimen182
\belowrulesep=\dimen183
\belowbottomsep=\dimen184
\aboverulesep=\dimen185
\abovetopsep=\dimen186
\cmidrulesep=\dimen187
\cmidrulekern=\dimen188
\defaultaddspace=\dimen189
\@cmidla=\count298
\@cmidlb=\count299
\@aboverulesep=\dimen190
\@belowrulesep=\dimen191
\@thisruleclass=\count300
\@lastruleclass=\count301
\@thisrulewidth=\dimen192
) (/usr/local/texlive/2026/texmf-dist/tex/latex/tcolorbox/tcolorbox.sty
Package: tcolorbox 2025/11/28 version 6.9.0 text color boxes
 (/usr/local/texlive/2026/texmf-dist/tex/latex/pgf/frontendlayer/tikz.sty (/usr/local/texlive/2026/texmf-dist/tex/latex/pgf/basiclayer/pgf.sty (/usr/local/texlive/2026/texmf-dist/tex/latex/pgf/utilities/pgfrcs.sty (/usr/local/texlive/2026/texmf-dist/tex/generic/pgf/utilities/pgfutil-common.tex
\pgfutil@everybye=\toks28
\pgfutil@tempdima=\dimen193
\pgfutil@tempdimb=\dimen194
) (/usr/local/texlive/2026/texmf-dist/tex/generic/pgf/utilities/pgfutil-latex.def
\pgfutil@abb=\box69
) (/usr/local/texlive/2026/texmf-dist/tex/generic/pgf/utilities/pgfrcs.code.tex (/usr/local/texlive/2026/texmf-dist/tex/generic/pgf/pgf.revision.tex)
Package: pgfrcs 2025-08-29 v3.1.11a (3.1.11a)
))
Package: pgf 2025-08-29 v3.1.11a (3.1.11a)
 (/usr/local/texlive/2026/texmf-dist/tex/latex/pgf/basiclayer/pgfcore.sty (/usr/local/texlive/2026/texmf-dist/tex/latex/pgf/systemlayer/pgfsys.sty (/usr/local/texlive/2026/texmf-dist/tex/generic/pgf/systemlayer/pgfsys.code.tex
Package: pgfsys 2025-08-29 v3.1.11a (3.1.11a)
 (/usr/local/texlive/2026/texmf-dist/tex/generic/pgf/utilities/pgfkeys.code.tex
\pgfkeys@pathtoks=\toks29
\pgfkeys@temptoks=\toks30
 (/usr/local/texlive/2026/texmf-dist/tex/generic/pgf/utilities/pgfkeyslibraryfiltered.code.tex
\pgfkeys@tmptoks=\toks31
))
\pgf@x=\dimen195
\pgf@y=\dimen196
\pgf@xa=\dimen197
\pgf@ya=\dimen198
\pgf@xb=\dimen199
\pgf@yb=\dimen256
\pgf@xc=\dimen257
\pgf@yc=\dimen258
\pgf@xd=\dimen259
\pgf@yd=\dimen260
\w@pgf@writea=\write3
\r@pgf@reada=\read2
\c@pgf@counta=\count302
\c@pgf@countb=\count303
\c@pgf@countc=\count304
\c@pgf@countd=\count305
\t@pgf@toka=\toks32
\t@pgf@tokb=\toks33
\t@pgf@tokc=\toks34
\pgf@sys@id@count=\count306
 (/usr/local/texlive/2026/texmf-dist/tex/generic/pgf/systemlayer/pgf.cfg
File: pgf.cfg 2025-08-29 v3.1.11a (3.1.11a)
)
Driver file for pgf: pgfsys-pdftex.def
 (/usr/local/texlive/2026/texmf-dist/tex/generic/pgf/systemlayer/pgfsys-pdftex.def
File: pgfsys-pdftex.def 2025-08-29 v3.1.11a (3.1.11a)
 (/usr/local/texlive/2026/texmf-dist/tex/generic/pgf/systemlayer/pgfsys-common-pdf.def
File: pgfsys-common-pdf.def 2025-08-29 v3.1.11a (3.1.11a)
))) (/usr/local/texlive/2026/texmf-dist/tex/generic/pgf/systemlayer/pgfsyssoftpath.code.tex
File: pgfsyssoftpath.code.tex 2025-08-29 v3.1.11a (3.1.11a)
\pgfsyssoftpath@smallbuffer@items=\count307
\pgfsyssoftpath@bigbuffer@items=\count308
) (/usr/local/texlive/2026/texmf-dist/tex/generic/pgf/systemlayer/pgfsysprotocol.code.tex
File: pgfsysprotocol.code.tex 2025-08-29 v3.1.11a (3.1.11a)
)) (/usr/local/texlive/2026/texmf-dist/tex/generic/pgf/basiclayer/pgfcore.code.tex
Package: pgfcore 2025-08-29 v3.1.11a (3.1.11a)
 (/usr/local/texlive/2026/texmf-dist/tex/generic/pgf/math/pgfmath.code.tex (/usr/local/texlive/2026/texmf-dist/tex/generic/pgf/math/pgfmathutil.code.tex) (/usr/local/texlive/2026/texmf-dist/tex/generic/pgf/math/pgfmathparser.code.tex
\pgfmath@dimen=\dimen261
\pgfmath@count=\count309
\pgfmath@box=\box70
\pgfmath@toks=\toks35
\pgfmath@stack@operand=\toks36
\pgfmath@stack@operation=\toks37
) (/usr/local/texlive/2026/texmf-dist/tex/generic/pgf/math/pgfmathfunctions.code.tex) (/usr/local/texlive/2026/texmf-dist/tex/generic/pgf/math/pgfmathfunctions.basic.code.tex) (/usr/local/texlive/2026/texmf-dist/tex/generic/pgf/math/pgfmathfunctions.trigonometric.code.tex) (/usr/local/texlive/2026/texmf-dist/tex/generic/pgf/math/pgfmathfunctions.random.code.tex) (/usr/local/texlive/2026/texmf-dist/tex/generic/pgf/math/pgfmathfunctions.comparison.code.tex) (/usr/local/texlive/2026/texmf-dist/tex/generic/pgf/math/pgfmathfunctions.base.code.tex) (/usr/local/texlive/2026/texmf-dist/tex/generic/pgf/math/pgfmathfunctions.round.code.tex) (/usr/local/texlive/2026/texmf-dist/tex/generic/pgf/math/pgfmathfunctions.misc.code.tex) (/usr/local/texlive/2026/texmf-dist/tex/generic/pgf/math/pgfmathfunctions.integerarithmetics.code.tex) (/usr/local/texlive/2026/texmf-dist/tex/generic/pgf/math/pgfmathcalc.code.tex) (/usr/local/texlive/2026/texmf-dist/tex/generic/pgf/math/pgfmathfloat.code.tex
\c@pgfmathroundto@lastzeros=\count310
)) (/usr/local/texlive/2026/texmf-dist/tex/generic/pgf/math/pgfint.code.tex) (/usr/local/texlive/2026/texmf-dist/tex/generic/pgf/basiclayer/pgfcorepoints.code.tex
File: pgfcorepoints.code.tex 2025-08-29 v3.1.11a (3.1.11a)
\pgf@picminx=\dimen262
\pgf@picmaxx=\dimen263
\pgf@picminy=\dimen264
\pgf@picmaxy=\dimen265
\pgf@pathminx=\dimen266
\pgf@pathmaxx=\dimen267
\pgf@pathminy=\dimen268
\pgf@pathmaxy=\dimen269
\pgf@xx=\dimen270
\pgf@xy=\dimen271
\pgf@yx=\dimen272
\pgf@yy=\dimen273
\pgf@zx=\dimen274
\pgf@zy=\dimen275
) (/usr/local/texlive/2026/texmf-dist/tex/generic/pgf/basiclayer/pgfcorepathconstruct.code.tex
File: pgfcorepathconstruct.code.tex 2025-08-29 v3.1.11a (3.1.11a)
\pgf@path@lastx=\dimen276
\pgf@path@lasty=\dimen277
) (/usr/local/texlive/2026/texmf-dist/tex/generic/pgf/basiclayer/pgfcorepathusage.code.tex
File: pgfcorepathusage.code.tex 2025-08-29 v3.1.11a (3.1.11a)
\pgf@shorten@end@additional=\dimen278
\pgf@shorten@start@additional=\dimen279
) (/usr/local/texlive/2026/texmf-dist/tex/generic/pgf/basiclayer/pgfcorescopes.code.tex
File: pgfcorescopes.code.tex 2025-08-29 v3.1.11a (3.1.11a)
\pgfpic=\box71
\pgf@hbox=\box72
\pgf@layerbox@main=\box73
\pgf@picture@serial@count=\count311
) (/usr/local/texlive/2026/texmf-dist/tex/generic/pgf/basiclayer/pgfcoregraphicstate.code.tex
File: pgfcoregraphicstate.code.tex 2025-08-29 v3.1.11a (3.1.11a)
\pgflinewidth=\dimen280
) (/usr/local/texlive/2026/texmf-dist/tex/generic/pgf/basiclayer/pgfcoretransformations.code.tex
File: pgfcoretransformations.code.tex 2025-08-29 v3.1.11a (3.1.11a)
\pgf@pt@x=\dimen281
\pgf@pt@y=\dimen282
\pgf@pt@temp=\dimen283
) (/usr/local/texlive/2026/texmf-dist/tex/generic/pgf/basiclayer/pgfcorequick.code.tex
File: pgfcorequick.code.tex 2025-08-29 v3.1.11a (3.1.11a)
) (/usr/local/texlive/2026/texmf-dist/tex/generic/pgf/basiclayer/pgfcoreobjects.code.tex
File: pgfcoreobjects.code.tex 2025-08-29 v3.1.11a (3.1.11a)
) (/usr/local/texlive/2026/texmf-dist/tex/generic/pgf/basiclayer/pgfcorepathprocessing.code.tex
File: pgfcorepathprocessing.code.tex 2025-08-29 v3.1.11a (3.1.11a)
) (/usr/local/texlive/2026/texmf-dist/tex/generic/pgf/basiclayer/pgfcorearrows.code.tex
File: pgfcorearrows.code.tex 2025-08-29 v3.1.11a (3.1.11a)
\pgfarrowsep=\dimen284
) (/usr/local/texlive/2026/texmf-dist/tex/generic/pgf/basiclayer/pgfcoreshade.code.tex
File: pgfcoreshade.code.tex 2025-08-29 v3.1.11a (3.1.11a)
\pgf@max=\dimen285
\pgf@sys@shading@range@num=\count312
\pgf@shadingcount=\count313
) (/usr/local/texlive/2026/texmf-dist/tex/generic/pgf/basiclayer/pgfcoreimage.code.tex
File: pgfcoreimage.code.tex 2025-08-29 v3.1.11a (3.1.11a)
) (/usr/local/texlive/2026/texmf-dist/tex/generic/pgf/basiclayer/pgfcoreexternal.code.tex
File: pgfcoreexternal.code.tex 2025-08-29 v3.1.11a (3.1.11a)
\pgfexternal@startupbox=\box74
) (/usr/local/texlive/2026/texmf-dist/tex/generic/pgf/basiclayer/pgfcorelayers.code.tex
File: pgfcorelayers.code.tex 2025-08-29 v3.1.11a (3.1.11a)
) (/usr/local/texlive/2026/texmf-dist/tex/generic/pgf/basiclayer/pgfcoretransparency.code.tex
File: pgfcoretransparency.code.tex 2025-08-29 v3.1.11a (3.1.11a)
) (/usr/local/texlive/2026/texmf-dist/tex/generic/pgf/basiclayer/pgfcorepatterns.code.tex
File: pgfcorepatterns.code.tex 2025-08-29 v3.1.11a (3.1.11a)
) (/usr/local/texlive/2026/texmf-dist/tex/generic/pgf/basiclayer/pgfcorerdf.code.tex
File: pgfcorerdf.code.tex 2025-08-29 v3.1.11a (3.1.11a)
))) (/usr/local/texlive/2026/texmf-dist/tex/generic/pgf/modules/pgfmoduleshapes.code.tex
File: pgfmoduleshapes.code.tex 2025-08-29 v3.1.11a (3.1.11a)
\pgfnodeparttextbox=\box75
) (/usr/local/texlive/2026/texmf-dist/tex/generic/pgf/modules/pgfmoduleplot.code.tex
File: pgfmoduleplot.code.tex 2025-08-29 v3.1.11a (3.1.11a)
) (/usr/local/texlive/2026/texmf-dist/tex/latex/pgf/compatibility/pgfcomp-version-0-65.sty
Package: pgfcomp-version-0-65 2025-08-29 v3.1.11a (3.1.11a)
\pgf@nodesepstart=\dimen286
\pgf@nodesepend=\dimen287
) (/usr/local/texlive/2026/texmf-dist/tex/latex/pgf/compatibility/pgfcomp-version-1-18.sty
Package: pgfcomp-version-1-18 2025-08-29 v3.1.11a (3.1.11a)
)) (/usr/local/texlive/2026/texmf-dist/tex/latex/pgf/utilities/pgffor.sty (/usr/local/texlive/2026/texmf-dist/tex/latex/pgf/utilities/pgfkeys.sty (/usr/local/texlive/2026/texmf-dist/tex/generic/pgf/utilities/pgfkeys.code.tex)) (/usr/local/texlive/2026/texmf-dist/tex/latex/pgf/math/pgfmath.sty (/usr/local/texlive/2026/texmf-dist/tex/generic/pgf/math/pgfmath.code.tex)) (/usr/local/texlive/2026/texmf-dist/tex/generic/pgf/utilities/pgffor.code.tex
Package: pgffor 2025-08-29 v3.1.11a (3.1.11a)
\pgffor@iter=\dimen288
\pgffor@skip=\dimen289
\pgffor@stack=\toks38
\pgffor@toks=\toks39
)) (/usr/local/texlive/2026/texmf-dist/tex/generic/pgf/frontendlayer/tikz/tikz.code.tex
Package: tikz 2025-08-29 v3.1.11a (3.1.11a)
 (/usr/local/texlive/2026/texmf-dist/tex/generic/pgf/libraries/pgflibraryplothandlers.code.tex
File: pgflibraryplothandlers.code.tex 2025-08-29 v3.1.11a (3.1.11a)
\pgf@plot@mark@count=\count314
\pgfplotmarksize=\dimen290
)
\tikz@lastx=\dimen291
\tikz@lasty=\dimen292
\tikz@lastxsaved=\dimen293
\tikz@lastysaved=\dimen294
\tikz@lastmovetox=\dimen295
\tikz@lastmovetoy=\dimen296
\tikzleveldistance=\dimen297
\tikzsiblingdistance=\dimen298
\tikz@figbox=\box76
\tikz@figbox@bg=\box77
\tikz@tempbox=\box78
\tikz@tempbox@bg=\box79
\tikztreelevel=\count315
\tikznumberofchildren=\count316
\tikznumberofcurrentchild=\count317
\tikz@fig@count=\count318
 (/usr/local/texlive/2026/texmf-dist/tex/generic/pgf/modules/pgfmodulematrix.code.tex
File: pgfmodulematrix.code.tex 2025-08-29 v3.1.11a (3.1.11a)
\pgfmatrixcurrentrow=\count319
\pgfmatrixcurrentcolumn=\count320
\pgf@matrix@numberofcolumns=\count321
)
\tikz@expandcount=\count322
 (/usr/local/texlive/2026/texmf-dist/tex/generic/pgf/frontendlayer/tikz/libraries/tikzlibrarytopaths.code.tex
File: tikzlibrarytopaths.code.tex 2025-08-29 v3.1.11a (3.1.11a)
))) (/usr/local/texlive/2026/texmf-dist/tex/latex/tools/verbatim.sty
Package: verbatim 2024-01-22 v1.5x LaTeX2e package for verbatim enhancements
\every@verbatim=\toks40
\verbatim@line=\toks41
\verbatim@in@stream=\read3
) (/usr/local/texlive/2026/texmf-dist/tex/latex/environ/environ.sty
Package: environ 2014/05/04 v0.3 A new way to define environments
 (/usr/local/texlive/2026/texmf-dist/tex/latex/trimspaces/trimspaces.sty
Package: trimspaces 2009/09/17 v1.1 Trim spaces around a token list
)
\@envbody=\toks42
)
\tcb@titlebox=\box80
\tcb@upperbox=\box81
\tcb@lowerbox=\box82
\tcb@phantombox=\box83
\c@tcbbreakpart=\count323
\c@tcblayer=\count324
\c@tcolorbox@number=\count325
\l__tcobox_tmpa_box=\box84
\l__tcobox_tmpa_dim=\dimen299
\tcb@temp=\box85
\tcb@temp=\box86
\tcb@temp=\box87
\tcb@temp=\box88
 (/usr/local/texlive/2026/texmf-dist/tex/latex/tcolorbox/tcbraster.code.tex
Library (tcolorbox): 'tcbraster.code.tex' version '6.9.0'
\c@tcbrastercolumn=\count326
\c@tcbrasterrow=\count327
\c@tcbrasternum=\count328
\c@tcbraster=\count329
) (/usr/local/texlive/2026/texmf-dist/tex/latex/tcolorbox/tcbskins.code.tex
Library (tcolorbox): 'tcbskins.code.tex' version '6.9.0'
(/usr/local/texlive/2026/texmf-dist/tex/latex/tikzfill/tikzfill.image.sty
Package: tikzfill.image 2023/08/08 v1.0.1 Image filling library for TikZ
 (/usr/local/texlive/2026/texmf-dist/tex/latex/tikzfill/tikzfill-common.sty
Package: tikzfill-common 2023/08/08 v1.0.1 Auxiliary code for tikzfill
) (/usr/local/texlive/2026/texmf-dist/tex/latex/tikzfill/tikzlibraryfill.image.code.tex
File: tikzlibraryfill.image.code.tex 2023/08/08 v1.0.1 Image filling library
\l__tikzfill_img_box=\box89
)) (/usr/local/texlive/2026/texmf-dist/tex/latex/tcolorbox/tcbskinsjigsaw.code.tex
Library (tcolorbox): 'tcbskinsjigsaw.code.tex' version '6.9.0'
)) (/usr/local/texlive/2026/texmf-dist/tex/latex/tcolorbox/tcbbreakable.code.tex
Library (tcolorbox): 'tcbbreakable.code.tex' version '6.9.0'
(/usr/local/texlive/2026/texmf-dist/tex/latex/pdfcol/pdfcol.sty
Package: pdfcol 2022-09-21 v1.7 Handle new color stacks for pdfTeX (HO)
 (/usr/local/texlive/2026/texmf-dist/tex/generic/ltxcmds/ltxcmds.sty
Package: ltxcmds 2023-12-04 v1.26 LaTeX kernel commands for general use (HO)
) (/usr/local/texlive/2026/texmf-dist/tex/generic/infwarerr/infwarerr.sty
Package: infwarerr 2019/12/03 v1.5 Providing info/warning/error messages (HO)
) (/usr/local/texlive/2026/texmf-dist/tex/generic/iftex/iftex.sty
Package: iftex 2024/12/12 v1.0g TeX engine tests
))
Package pdfcol Info: New color stack `tcb@breakable' = 1 on input line 23.
\tcb@testbox=\box90
\tcb@totalupperbox=\box91
\tcb@totallowerbox=\box92
) (/usr/local/texlive/2026/texmf-dist/tex/latex/tcolorbox/tcbhooks.code.tex
Library (tcolorbox): 'tcbhooks.code.tex' version '6.9.0'
) (/usr/local/texlive/2026/texmf-dist/tex/latex/tcolorbox/tcbtheorems.code.tex
Library (tcolorbox): 'tcbtheorems.code.tex' version '6.9.0'
(/usr/local/texlive/2026/texmf-dist/tex/latex/amsmath/amsmath.sty
Package: amsmath 2025/07/09 v2.17z AMS math features
\@mathmargin=\skip76

For additional information on amsmath, use the `?' option.
(/usr/local/texlive/2026/texmf-dist/tex/latex/amsmath/amstext.sty
Package: amstext 2024/11/17 v2.01 AMS text
 (/usr/local/texlive/2026/texmf-dist/tex/latex/amsmath/amsgen.sty
File: amsgen.sty 1999/11/30 v2.0 generic functions
\@emptytoks=\toks43
\ex@=\dimen300
)) (/usr/local/texlive/2026/texmf-dist/tex/latex/amsmath/amsbsy.sty
Package: amsbsy 1999/11/29 v1.2d Bold Symbols
\pmbraise@=\dimen301
) (/usr/local/texlive/2026/texmf-dist/tex/latex/amsmath/amsopn.sty
Package: amsopn 2022/04/08 v2.04 operator names
)
\inf@bad=\count330
LaTeX Info: Redefining \frac on input line 233.
\uproot@=\count331
\leftroot@=\count332
LaTeX Info: Redefining \overline on input line 398.
LaTeX Info: Redefining \colon on input line 409.
\classnum@=\count333
\DOTSCASE@=\count334
LaTeX Info: Redefining \ldots on input line 495.
LaTeX Info: Redefining \dots on input line 498.
LaTeX Info: Redefining \cdots on input line 619.
\Mathstrutbox@=\box93
\strutbox@=\box94
LaTeX Info: Redefining \big on input line 721.
LaTeX Info: Redefining \Big on input line 722.
LaTeX Info: Redefining \bigg on input line 723.
LaTeX Info: Redefining \Bigg on input line 724.
\big@size=\dimen302
LaTeX Font Info:    Redeclaring font encoding OML on input line 742.
LaTeX Font Info:    Redeclaring font encoding OMS on input line 743.
\macc@depth=\count335
LaTeX Info: Redefining \bmod on input line 904.
LaTeX Info: Redefining \pmod on input line 909.
LaTeX Info: Redefining \smash on input line 939.
LaTeX Info: Redefining \relbar on input line 969.
LaTeX Info: Redefining \Relbar on input line 970.
\c@MaxMatrixCols=\count336
\dotsspace@=\muskip17
\c@parentequation=\count337
\dspbrk@lvl=\count338
\tag@help=\toks44
\row@=\count339
\column@=\count340
\maxfields@=\count341
\andhelp@=\toks45
\eqnshift@=\dimen303
\alignsep@=\dimen304
\tagshift@=\dimen305
\tagwidth@=\dimen306
\totwidth@=\dimen307
\lineht@=\dimen308
\@envbody=\toks46
\multlinegap=\skip77
\multlinetaggap=\skip78
\mathdisplay@stack=\toks47
LaTeX Info: Redefining \[ on input line 2950.
LaTeX Info: Redefining \] on input line 2951.
)) (/usr/local/texlive/2026/texmf-dist/tex/latex/tcolorbox/tcbfitting.code.tex
Library (tcolorbox): 'tcbfitting.code.tex' version '6.9.0'
\tcbfitdim=\dimen309
\tcb@lowerfitdim=\dimen310
\tcb@upperfitdim=\dimen311
\tcb@cur@hbadness=\count342
) (/usr/local/texlive/2026/texmf-dist/tex/latex/tcolorbox/tcblistingsutf8.code.tex
Library (tcolorbox): 'tcblistingsutf8.code.tex' version '6.9.0'
(/usr/local/texlive/2026/texmf-dist/tex/latex/tcolorbox/tcblistings.code.tex
Library (tcolorbox): 'tcblistings.code.tex' version '6.9.0'
(/usr/local/texlive/2026/texmf-dist/tex/latex/listings/listings.sty
\lst@mode=\count343
\lst@gtempboxa=\box95
\lst@token=\toks48
\lst@length=\count344
\lst@currlwidth=\dimen312
\lst@column=\count345
\lst@pos=\count346
\lst@lostspace=\dimen313
\lst@width=\dimen314
\lst@newlines=\count347
\lst@lineno=\count348
\lst@maxwidth=\dimen315
 (/usr/local/texlive/2026/texmf-dist/tex/latex/listings/lstpatch.sty
File: lstpatch.sty 2025/11/14 1.11b (Carsten Heinz)
) (/usr/local/texlive/2026/texmf-dist/tex/latex/listings/lstmisc.sty
File: lstmisc.sty 2025/11/14 1.11b (Carsten Heinz)
\c@lstnumber=\count349
\lst@skipnumbers=\count350
\lst@framebox=\box96
) (/usr/local/texlive/2026/texmf-dist/tex/latex/listings/listings.cfg
File: listings.cfg 2025/11/14 1.11b listings configuration
))
Package: listings 2025/11/14 1.11b (Carsten Heinz)

==> First Aid for listings.sty no longer applied!
    Expected:
        2024/09/23 1.10c (Carsten Heinz)
    but found:
        2025/11/14 1.11b (Carsten Heinz)
    so I'm assuming it got fixed.
(/usr/local/texlive/2026/texmf-dist/tex/latex/tcolorbox/tcblistingscore.code.tex
Library (tcolorbox): 'tcblistingscore.code.tex' version '6.9.0'
(/usr/local/texlive/2026/texmf-dist/tex/latex/tcolorbox/tcbprocessing.code.tex
Library (tcolorbox): 'tcbprocessing.code.tex' version '6.9.0'
)
\c@tcblisting=\count351
)) (/usr/local/texlive/2026/texmf-dist/tex/latex/listingsutf8/listingsutf8.sty
Package: listingsutf8 2019-12-10 v1.5 Allow UTF-8 in listings input (HO)
 (/usr/local/texlive/2026/texmf-dist/tex/generic/pdftexcmds/pdftexcmds.sty
Package: pdftexcmds 2020-06-27 v0.33 Utility functions of pdfTeX for LuaTeX (HO)
Package pdftexcmds Info: \pdf@primitive is available.
Package pdftexcmds Info: \pdf@ifprimitive is available.
Package pdftexcmds Info: \pdfdraftmode found.
) (/usr/local/texlive/2026/texmf-dist/tex/generic/stringenc/stringenc.sty
Package: stringenc 2019/11/29 v1.12 Convert strings between diff. encodings (HO)
 (/usr/local/texlive/2026/texmf-dist/tex/generic/pdfescape/pdfescape.sty
Package: pdfescape 2019/12/09 v1.15 Implements pdfTeX's escape features (HO)
)))) (/usr/local/texlive/2026/texmf-dist/tex/latex/tcolorbox/tcbexternal.code.tex
Library (tcolorbox): 'tcbexternal.code.tex' version '6.9.0'
) (/usr/local/texlive/2026/texmf-dist/tex/latex/tcolorbox/tcbmagazine.code.tex
Library (tcolorbox): 'tcbmagazine.code.tex' version '6.9.0'
) (/usr/local/texlive/2026/texmf-dist/tex/latex/tcolorbox/tcbvignette.code.tex
Library (tcolorbox): 'tcbvignette.code.tex' version '6.9.0'
(/usr/local/texlive/2026/texmf-dist/tex/generic/pgf/frontendlayer/tikz/libraries/tikzlibraryfadings.code.tex
File: tikzlibraryfadings.code.tex 2025-08-29 v3.1.11a (3.1.11a)
 (/usr/local/texlive/2026/texmf-dist/tex/generic/pgf/libraries/pgflibraryfadings.code.tex
File: pgflibraryfadings.code.tex 2025-08-29 v3.1.11a (3.1.11a)
))) (/usr/local/texlive/2026/texmf-dist/tex/latex/tcolorbox/tcbposter.code.tex
Library (tcolorbox): 'tcbposter.code.tex' version '6.9.0'
)) (/usr/local/texlive/2026/texmf-dist/tex/latex/fundus-calligra/calligra.sty
Package: calligra 2012/04/10 v1.9 LaTeX package calligra
) (/usr/local/texlive/2026/texmf-dist/tex/latex/caption/caption.sty
Package: caption 2023/08/05 v3.6o Customizing captions (AR)
 (/usr/local/texlive/2026/texmf-dist/tex/latex/caption/caption3.sty
Package: caption3 2023/07/31 v2.4d caption3 kernel (AR)
\caption@tempdima=\dimen316
\captionmargin=\dimen317
\caption@leftmargin=\dimen318
\caption@rightmargin=\dimen319
\caption@width=\dimen320
\caption@indent=\dimen321
\caption@parindent=\dimen322
\caption@hangindent=\dimen323
Package caption Info: Standard document class detected.
)
\c@caption@flags=\count352
\c@continuedfloat=\count353
Package caption Info: listings package is loaded.
) (/usr/local/texlive/2026/texmf-dist/tex/latex/datetime/datetime.sty
Package: datetime 2015/03/20 v2.60 Date Time Package
 (/usr/local/texlive/2026/texmf-dist/tex/latex/fmtcount/fmtcount.sty
Package: fmtcount 2025/12/02 v3.12 Displaying the values of LaTeX counters (NT,VB,NE)
 (/usr/local/texlive/2026/texmf-dist/tex/latex/fmtcount/fcprefix.sty
Package: fcprefix 2012/09/28
 (/usr/local/texlive/2026/texmf-dist/tex/latex/fmtcount/fcnumparser.sty
Package: fcnumparser 2017/06/15
\fc@digit@counter=\count354
))
\c@padzeroesN=\count355
\fc@tmpcatcode=\count356
\@DT@modctr=\count357
\@ordinalctr=\count358
\@orgargctr=\count359
\@strctr=\count360
\@tmpstrctr=\count361
\@DT@loopN=\count362
\@DT@X=\count363
) (/usr/local/texlive/2026/texmf-dist/tex/latex/datetime/datetime-defaults.sty
Package: datetime-defaults 2013/09/10
)
\@day=\count364
\@month=\count365
\@year=\count366
\c@HOUR=\count367
\c@HOURXII=\count368
\c@MINUTE=\count369
\c@TOHOUR=\count370
\c@TOMINUTE=\count371
\c@SECOND=\count372
\currenthour=\count373
\currentminute=\count374
\currentsecond=\count375
Package datetime Info: No datetime.cfg file found, using default settings on input line 308.
\@dtctr=\count376
\dayofyear=\count377
\dayofweek=\count378
LaTeX Info: Redefining \today on input line 736.
\dt@a=\toks49
\dt@b=\toks50
) (/usr/local/texlive/2026/texmf-dist/tex/latex/yafoot/dblfnote.sty
Package: dblfnote 2018/09/03 v1.1 
\c@DFNsloppiness=\count379
\DFNcolumnsep=\dimen324
\DFNcolumnwidth=\dimen325
\dfn@fnht=\dimen326
\dfn@fnmaxdp=\dimen327
\dfn@dima=\dimen328
\dfn@dimb=\dimen329
\dfn@ins=\box97
\dfn@boxa=\box98
\dfn@boxb=\box99
\dfn@output=\toks51
) (/usr/local/texlive/2026/texmf-dist/tex/latex/dirtytalk/dirtytalk.sty
Package: dirtytalk 2010/11/21 A package making "quoting" easier
 (/usr/local/texlive/2026/texmf-dist/tex/latex/kvoptions/kvoptions.sty
Package: kvoptions 2022-06-15 v3.15 Key value format for package options (HO)
 (/usr/local/texlive/2026/texmf-dist/tex/latex/kvsetkeys/kvsetkeys.sty
Package: kvsetkeys 2022-10-05 v1.19 Key value parser (HO)
))
\c@dirtytalk@qdepth=\count380
) (/usr/local/texlive/2026/texmf-dist/tex/latex/doublestroke/dsfont.sty
Package: dsfont 1995/08/01 v0.1 Double stroke roman fonts
) (/usr/local/texlive/2026/texmf-dist/tex/latex/etex-pkg/etex.sty
Package: etex 2016/08/01 v2.7 eTeX basic definition package (PEB,DPC)


Package etex Warning: Extended allocation already in use.
(etex)                etex.sty code will not be used.
(etex)                To force etex package to load, add
(etex)                \RequirePackage{etex}
(etex)                at the start of the document.

) (/usr/local/texlive/2026/texmf-dist/tex/latex/fancyhdr/fancyhdr.sty
Package: fancyhdr 2025/02/07 v5.2 Extensive control of page headers and footers
\f@nch@headwidth=\skip79
\f@nch@offset@elh=\skip80
\f@nch@offset@erh=\skip81
\f@nch@offset@olh=\skip82
\f@nch@offset@orh=\skip83
\f@nch@offset@elf=\skip84
\f@nch@offset@erf=\skip85
\f@nch@offset@olf=\skip86
\f@nch@offset@orf=\skip87
\f@nch@height=\skip88
\f@nch@footalignment=\skip89
\f@nch@widthL=\skip90
\f@nch@widthC=\skip91
\f@nch@widthR=\skip92
\@temptokenb=\toks52
) (/usr/local/texlive/2026/texmf-dist/tex/latex/base/fix-cm.sty
Package: fix-cm 2020/11/24 v1.1t fixes to LaTeX
 (/usr/local/texlive/2026/texmf-dist/tex/latex/base/ts1enc.def
File: ts1enc.def 2001/06/05 v3.0e (jk/car/fm) Standard LaTeX file
LaTeX Font Info:    Redeclaring font encoding TS1 on input line 47.
LaTeX Encoding Info:    Redeclaring text command \capitalcedilla (encoding TS1) on input line 49.
LaTeX Encoding Info:    Redeclaring text command \capitalogonek (encoding TS1) on input line 52.
LaTeX Encoding Info:    Redeclaring text command \capitalgrave (encoding TS1) on input line 55.
LaTeX Encoding Info:    Redeclaring text command \capitalacute (encoding TS1) on input line 56.
LaTeX Encoding Info:    Redeclaring text command \capitalcircumflex (encoding TS1) on input line 57.
LaTeX Encoding Info:    Redeclaring text command \capitaltilde (encoding TS1) on input line 58.
LaTeX Encoding Info:    Redeclaring text command \capitaldieresis (encoding TS1) on input line 59.
LaTeX Encoding Info:    Redeclaring text command \capitalhungarumlaut (encoding TS1) on input line 60.
LaTeX Encoding Info:    Redeclaring text command \capitalring (encoding TS1) on input line 61.
LaTeX Encoding Info:    Redeclaring text command \capitalcaron (encoding TS1) on input line 62.
LaTeX Encoding Info:    Redeclaring text command \capitalbreve (encoding TS1) on input line 63.
LaTeX Encoding Info:    Redeclaring text command \capitalmacron (encoding TS1) on input line 64.
LaTeX Encoding Info:    Redeclaring text command \capitaldotaccent (encoding TS1) on input line 65.
LaTeX Encoding Info:    Redeclaring text command \t (encoding TS1) on input line 66.
LaTeX Encoding Info:    Redeclaring text command \capitaltie (encoding TS1) on input line 67.
LaTeX Encoding Info:    Redeclaring text command \newtie (encoding TS1) on input line 68.
LaTeX Encoding Info:    Redeclaring text command \capitalnewtie (encoding TS1) on input line 69.
LaTeX Encoding Info:    Redeclaring text symbol \textcapitalcompwordmark (encoding TS1) on input line 70.
LaTeX Encoding Info:    Redeclaring text symbol \textascendercompwordmark (encoding TS1) on input line 71.
LaTeX Encoding Info:    Redeclaring text symbol \textquotestraightbase (encoding TS1) on input line 72.
LaTeX Encoding Info:    Redeclaring text symbol \textquotestraightdblbase (encoding TS1) on input line 73.
LaTeX Encoding Info:    Redeclaring text symbol \texttwelveudash (encoding TS1) on input line 74.
LaTeX Encoding Info:    Redeclaring text symbol \textthreequartersemdash (encoding TS1) on input line 75.
LaTeX Encoding Info:    Redeclaring text symbol \textleftarrow (encoding TS1) on input line 76.
LaTeX Encoding Info:    Redeclaring text symbol \textrightarrow (encoding TS1) on input line 77.
LaTeX Encoding Info:    Redeclaring text symbol \textblank (encoding TS1) on input line 78.
LaTeX Encoding Info:    Redeclaring text symbol \textdollar (encoding TS1) on input line 79.
LaTeX Encoding Info:    Redeclaring text symbol \textquotesingle (encoding TS1) on input line 80.
LaTeX Encoding Info:    Redeclaring text command \textasteriskcentered (encoding TS1) on input line 81.
LaTeX Encoding Info:    Redeclaring text symbol \textdblhyphen (encoding TS1) on input line 92.
LaTeX Encoding Info:    Redeclaring text symbol \textfractionsolidus (encoding TS1) on input line 93.
LaTeX Encoding Info:    Redeclaring text symbol \textzerooldstyle (encoding TS1) on input line 94.
LaTeX Encoding Info:    Redeclaring text symbol \textoneoldstyle (encoding TS1) on input line 95.
LaTeX Encoding Info:    Redeclaring text symbol \texttwooldstyle (encoding TS1) on input line 96.
LaTeX Encoding Info:    Redeclaring text symbol \textthreeoldstyle (encoding TS1) on input line 97.
LaTeX Encoding Info:    Redeclaring text symbol \textfouroldstyle (encoding TS1) on input line 98.
LaTeX Encoding Info:    Redeclaring text symbol \textfiveoldstyle (encoding TS1) on input line 99.
LaTeX Encoding Info:    Redeclaring text symbol \textsixoldstyle (encoding TS1) on input line 100.
LaTeX Encoding Info:    Redeclaring text symbol \textsevenoldstyle (encoding TS1) on input line 101.
LaTeX Encoding Info:    Redeclaring text symbol \texteightoldstyle (encoding TS1) on input line 102.
LaTeX Encoding Info:    Redeclaring text symbol \textnineoldstyle (encoding TS1) on input line 103.
LaTeX Encoding Info:    Redeclaring text symbol \textlangle (encoding TS1) on input line 104.
LaTeX Encoding Info:    Redeclaring text symbol \textminus (encoding TS1) on input line 105.
LaTeX Encoding Info:    Redeclaring text symbol \textrangle (encoding TS1) on input line 106.
LaTeX Encoding Info:    Redeclaring text symbol \textmho (encoding TS1) on input line 107.
LaTeX Encoding Info:    Redeclaring text symbol \textbigcircle (encoding TS1) on input line 108.
LaTeX Encoding Info:    Redeclaring text command \textcircled (encoding TS1) on input line 109.
LaTeX Encoding Info:    Redeclaring text symbol \textohm (encoding TS1) on input line 115.
LaTeX Encoding Info:    Redeclaring text symbol \textlbrackdbl (encoding TS1) on input line 116.
LaTeX Encoding Info:    Redeclaring text symbol \textrbrackdbl (encoding TS1) on input line 117.
LaTeX Encoding Info:    Redeclaring text symbol \textuparrow (encoding TS1) on input line 118.
LaTeX Encoding Info:    Redeclaring text symbol \textdownarrow (encoding TS1) on input line 119.
LaTeX Encoding Info:    Redeclaring text symbol \textasciigrave (encoding TS1) on input line 120.
LaTeX Encoding Info:    Redeclaring text symbol \textborn (encoding TS1) on input line 121.
LaTeX Encoding Info:    Redeclaring text symbol \textdivorced (encoding TS1) on input line 122.
LaTeX Encoding Info:    Redeclaring text symbol \textdied (encoding TS1) on input line 123.
LaTeX Encoding Info:    Redeclaring text symbol \textleaf (encoding TS1) on input line 124.
LaTeX Encoding Info:    Redeclaring text symbol \textmarried (encoding TS1) on input line 125.
LaTeX Encoding Info:    Redeclaring text symbol \textmusicalnote (encoding TS1) on input line 126.
LaTeX Encoding Info:    Redeclaring text symbol \texttildelow (encoding TS1) on input line 127.
LaTeX Encoding Info:    Redeclaring text symbol \textdblhyphenchar (encoding TS1) on input line 128.
LaTeX Encoding Info:    Redeclaring text symbol \textasciibreve (encoding TS1) on input line 129.
LaTeX Encoding Info:    Redeclaring text symbol \textasciicaron (encoding TS1) on input line 130.
LaTeX Encoding Info:    Redeclaring text symbol \textacutedbl (encoding TS1) on input line 131.
LaTeX Encoding Info:    Redeclaring text symbol \textgravedbl (encoding TS1) on input line 132.
LaTeX Encoding Info:    Redeclaring text symbol \textdagger (encoding TS1) on input line 133.
LaTeX Encoding Info:    Redeclaring text symbol \textdaggerdbl (encoding TS1) on input line 134.
LaTeX Encoding Info:    Redeclaring text symbol \textbardbl (encoding TS1) on input line 135.
LaTeX Encoding Info:    Redeclaring text symbol \textperthousand (encoding TS1) on input line 136.
LaTeX Encoding Info:    Redeclaring text symbol \textbullet (encoding TS1) on input line 137.
LaTeX Encoding Info:    Redeclaring text symbol \textcelsius (encoding TS1) on input line 138.
LaTeX Encoding Info:    Redeclaring text symbol \textdollaroldstyle (encoding TS1) on input line 139.
LaTeX Encoding Info:    Redeclaring text symbol \textcentoldstyle (encoding TS1) on input line 140.
LaTeX Encoding Info:    Redeclaring text symbol \textflorin (encoding TS1) on input line 141.
LaTeX Encoding Info:    Redeclaring text symbol \textcolonmonetary (encoding TS1) on input line 142.
LaTeX Encoding Info:    Redeclaring text symbol \textwon (encoding TS1) on input line 143.
LaTeX Encoding Info:    Redeclaring text symbol \textnaira (encoding TS1) on input line 144.
LaTeX Encoding Info:    Redeclaring text symbol \textguarani (encoding TS1) on input line 145.
LaTeX Encoding Info:    Redeclaring text symbol \textpeso (encoding TS1) on input line 146.
LaTeX Encoding Info:    Redeclaring text symbol \textlira (encoding TS1) on input line 147.
LaTeX Encoding Info:    Redeclaring text symbol \textrecipe (encoding TS1) on input line 148.
LaTeX Encoding Info:    Redeclaring text symbol \textinterrobang (encoding TS1) on input line 149.
LaTeX Encoding Info:    Redeclaring text symbol \textinterrobangdown (encoding TS1) on input line 150.
LaTeX Encoding Info:    Redeclaring text symbol \textdong (encoding TS1) on input line 151.
LaTeX Encoding Info:    Redeclaring text symbol \texttrademark (encoding TS1) on input line 152.
LaTeX Encoding Info:    Redeclaring text symbol \textpertenthousand (encoding TS1) on input line 153.
LaTeX Encoding Info:    Redeclaring text symbol \textpilcrow (encoding TS1) on input line 154.
LaTeX Encoding Info:    Redeclaring text symbol \textbaht (encoding TS1) on input line 155.
LaTeX Encoding Info:    Redeclaring text symbol \textnumero (encoding TS1) on input line 156.
LaTeX Encoding Info:    Redeclaring text symbol \textdiscount (encoding TS1) on input line 157.
LaTeX Encoding Info:    Redeclaring text symbol \textestimated (encoding TS1) on input line 158.
LaTeX Encoding Info:    Redeclaring text symbol \textopenbullet (encoding TS1) on input line 159.
LaTeX Encoding Info:    Redeclaring text symbol \textservicemark (encoding TS1) on input line 160.
LaTeX Encoding Info:    Redeclaring text symbol \textlquill (encoding TS1) on input line 161.
LaTeX Encoding Info:    Redeclaring text symbol \textrquill (encoding TS1) on input line 162.
LaTeX Encoding Info:    Redeclaring text symbol \textcent (encoding TS1) on input line 163.
LaTeX Encoding Info:    Redeclaring text symbol \textsterling (encoding TS1) on input line 164.
LaTeX Encoding Info:    Redeclaring text symbol \textcurrency (encoding TS1) on input line 165.
LaTeX Encoding Info:    Redeclaring text symbol \textyen (encoding TS1) on input line 166.
LaTeX Encoding Info:    Redeclaring text symbol \textbrokenbar (encoding TS1) on input line 167.
LaTeX Encoding Info:    Redeclaring text symbol \textsection (encoding TS1) on input line 168.
LaTeX Encoding Info:    Redeclaring text symbol \textasciidieresis (encoding TS1) on input line 169.
LaTeX Encoding Info:    Redeclaring text symbol \textcopyright (encoding TS1) on input line 170.
LaTeX Encoding Info:    Redeclaring text symbol \textordfeminine (encoding TS1) on input line 171.
LaTeX Encoding Info:    Redeclaring text symbol \textcopyleft (encoding TS1) on input line 172.
LaTeX Encoding Info:    Redeclaring text symbol \textlnot (encoding TS1) on input line 173.
LaTeX Encoding Info:    Redeclaring text symbol \textcircledP (encoding TS1) on input line 174.
LaTeX Encoding Info:    Redeclaring text symbol \textregistered (encoding TS1) on input line 175.
LaTeX Encoding Info:    Redeclaring text symbol \textasciimacron (encoding TS1) on input line 176.
LaTeX Encoding Info:    Redeclaring text symbol \textdegree (encoding TS1) on input line 177.
LaTeX Encoding Info:    Redeclaring text symbol \textpm (encoding TS1) on input line 178.
LaTeX Encoding Info:    Redeclaring text symbol \texttwosuperior (encoding TS1) on input line 179.
LaTeX Encoding Info:    Redeclaring text symbol \textthreesuperior (encoding TS1) on input line 180.
LaTeX Encoding Info:    Redeclaring text symbol \textasciiacute (encoding TS1) on input line 181.
LaTeX Encoding Info:    Redeclaring text symbol \textmu (encoding TS1) on input line 182.
LaTeX Encoding Info:    Redeclaring text symbol \textparagraph (encoding TS1) on input line 183.
LaTeX Encoding Info:    Redeclaring text symbol \textperiodcentered (encoding TS1) on input line 184.
LaTeX Encoding Info:    Redeclaring text symbol \textreferencemark (encoding TS1) on input line 185.
LaTeX Encoding Info:    Redeclaring text symbol \textonesuperior (encoding TS1) on input line 186.
LaTeX Encoding Info:    Redeclaring text symbol \textordmasculine (encoding TS1) on input line 187.
LaTeX Encoding Info:    Redeclaring text symbol \textsurd (encoding TS1) on input line 188.
LaTeX Encoding Info:    Redeclaring text symbol \textonequarter (encoding TS1) on input line 189.
LaTeX Encoding Info:    Redeclaring text symbol \textonehalf (encoding TS1) on input line 190.
LaTeX Encoding Info:    Redeclaring text symbol \textthreequarters (encoding TS1) on input line 191.
LaTeX Encoding Info:    Redeclaring text symbol \texteuro (encoding TS1) on input line 192.
LaTeX Encoding Info:    Redeclaring text symbol \texttimes (encoding TS1) on input line 193.
LaTeX Encoding Info:    Redeclaring text symbol \textdiv (encoding TS1) on input line 194.
)) (/usr/local/texlive/2026/texmf-dist/tex/latex/base/fontenc.sty
Package: fontenc 2025/07/18 v2.1d Standard LaTeX package
) (/usr/local/texlive/2026/texmf-dist/tex/latex/base/textcomp.sty
Package: textcomp 2024/04/24 v2.1b Standard LaTeX package
) (/usr/local/texlive/2026/texmf-dist/tex/latex/gensymb/gensymb.sty
Package: gensymb 2022/10/17 v1.0.2 (KJH)
) (/usr/local/texlive/2026/texmf-dist/tex/latex/lipsum/lipsum.sty (/usr/local/texlive/2026/texmf-dist/tex/latex/l3packages/l3keys2e/l3keys2e.sty (/usr/local/texlive/2026/texmf-dist/tex/latex/l3kernel/expl3.sty
Package: expl3 2026-01-19 L3 programming layer (loader) 
 (/usr/local/texlive/2026/texmf-dist/tex/latex/l3backend/l3backend-pdftex.def
File: l3backend-pdftex.def 2025-10-09 L3 backend support: PDF output (pdfTeX)
\l__color_backend_stack_int=\count381
))
Package: l3keys2e 2025-10-09 LaTeX2e option processing using LaTeX3 keys
)
Package: lipsum 2021-09-20 v2.7 150 paragraphs of Lorem Ipsum dummy text
\g__lipsum_par_int=\count382
\l__lipsum_a_int=\count383
\l__lipsum_b_int=\count384
 (/usr/local/texlive/2026/texmf-dist/tex/latex/lipsum/lipsum.ltd.tex)) (/usr/local/texlive/2026/texmf-dist/tex/latex/transparent/transparent.sty
Package: transparent 2025-06-23 v1.6 Transparency with color stacks
 (/usr/local/texlive/2026/texmf-dist/tex/latex/transparent/transparent-nometadata.sty
Package: transparent-nometadata 2025-06-23 v1.6 Transparency via pdfTeX's color stack (HO)
 (/usr/local/texlive/2026/texmf-dist/tex/latex/auxhook/auxhook.sty
Package: auxhook 2019-12-17 v1.6 Hooks for auxiliary files (HO)


Package auxhook Warning: Cannot patch \document,
(auxhook)                using \AtBeginDocument instead.

))) (/usr/local/texlive/2026/texmf-dist/tex/latex/mdframed/mdframed.sty
Package: mdframed 2013/07/01 1.9b: mdframed
 (/usr/local/texlive/2026/texmf-dist/tex/latex/l3packages/xparse/xparse.sty
Package: xparse 2025-10-09 L3 Experimental document command parser
) (/usr/local/texlive/2026/texmf-dist/tex/latex/zref/zref-abspage.sty
Package: zref-abspage 2026-03-07 v2.37 Module abspage for zref (HO)
 (/usr/local/texlive/2026/texmf-dist/tex/latex/zref/zref-base.sty
Package: zref-base 2026-03-07 v2.37 Module base for zref (HO)
 (/usr/local/texlive/2026/texmf-dist/tex/generic/kvdefinekeys/kvdefinekeys.sty
Package: kvdefinekeys 2019-12-19 v1.6 Define keys (HO)
) (/usr/local/texlive/2026/texmf-dist/tex/generic/etexcmds/etexcmds.sty
Package: etexcmds 2019/12/15 v1.7 Avoid name clashes with e-TeX commands (HO)
)
Package zref Info: New property list: main on input line 767.
Package zref Info: New property: default on input line 768.
Package zref Info: New property: page on input line 769.
)
\c@abspage=\count385
Package zref Info: New property: abspage on input line 67.
) (/usr/local/texlive/2026/texmf-dist/tex/latex/needspace/needspace.sty
Package: needspace 2025/03/13 v1.3e reserve vertical space
)
\mdf@templength=\skip93
\c@mdf@globalstyle@cnt=\count386
\mdf@skipabove@length=\skip94
\mdf@skipbelow@length=\skip95
\mdf@leftmargin@length=\skip96
\mdf@rightmargin@length=\skip97
\mdf@innerleftmargin@length=\skip98
\mdf@innerrightmargin@length=\skip99
\mdf@innertopmargin@length=\skip100
\mdf@innerbottommargin@length=\skip101
\mdf@splittopskip@length=\skip102
\mdf@splitbottomskip@length=\skip103
\mdf@outermargin@length=\skip104
\mdf@innermargin@length=\skip105
\mdf@linewidth@length=\skip106
\mdf@innerlinewidth@length=\skip107
\mdf@middlelinewidth@length=\skip108
\mdf@outerlinewidth@length=\skip109
\mdf@roundcorner@length=\skip110
\mdf@footenotedistance@length=\skip111
\mdf@userdefinedwidth@length=\skip112
\mdf@needspace@length=\skip113
\mdf@frametitleaboveskip@length=\skip114
\mdf@frametitlebelowskip@length=\skip115
\mdf@frametitlerulewidth@length=\skip116
\mdf@frametitleleftmargin@length=\skip117
\mdf@frametitlerightmargin@length=\skip118
\mdf@shadowsize@length=\skip119
\mdf@extratopheight@length=\skip120
\mdf@subtitleabovelinewidth@length=\skip121
\mdf@subtitlebelowlinewidth@length=\skip122
\mdf@subtitleaboveskip@length=\skip123
\mdf@subtitlebelowskip@length=\skip124
\mdf@subtitleinneraboveskip@length=\skip125
\mdf@subtitleinnerbelowskip@length=\skip126
\mdf@subsubtitleabovelinewidth@length=\skip127
\mdf@subsubtitlebelowlinewidth@length=\skip128
\mdf@subsubtitleaboveskip@length=\skip129
\mdf@subsubtitlebelowskip@length=\skip130
\mdf@subsubtitleinneraboveskip@length=\skip131
\mdf@subsubtitleinnerbelowskip@length=\skip132
 (/usr/local/texlive/2026/texmf-dist/tex/latex/mdframed/md-frame-1.mdf
File: md-frame-1.mdf 2013/07/01\ 1.9b: md-frame-1
)
\mdf@frametitlebox=\box100
\mdf@footnotebox=\box101
\mdf@splitbox@one=\box102
\mdf@splitbox@two=\box103
\mdf@splitbox@save=\box104
\mdfsplitboxwidth=\skip133
\mdfsplitboxtotalwidth=\skip134
\mdfsplitboxheight=\skip135
\mdfsplitboxdepth=\skip136
\mdfsplitboxtotalheight=\skip137
\mdfframetitleboxwidth=\skip138
\mdfframetitleboxtotalwidth=\skip139
\mdfframetitleboxheight=\skip140
\mdfframetitleboxdepth=\skip141
\mdfframetitleboxtotalheight=\skip142
\mdffootnoteboxwidth=\skip143
\mdffootnoteboxtotalwidth=\skip144
\mdffootnoteboxheight=\skip145
\mdffootnoteboxdepth=\skip146
\mdffootnoteboxtotalheight=\skip147
\mdftotallinewidth=\skip148
\mdfboundingboxwidth=\skip149
\mdfboundingboxtotalwidth=\skip150
\mdfboundingboxheight=\skip151
\mdfboundingboxdepth=\skip152
\mdfboundingboxtotalheight=\skip153
\mdf@freevspace@length=\skip154
\mdf@horizontalwidthofbox@length=\skip155
\mdf@verticalmarginwhole@length=\skip156
\mdf@horizontalspaceofbox=\skip157
\mdfsubtitleheight=\skip158
\mdfsubsubtitleheight=\skip159
\c@mdfcountframes=\count387

****** mdframed patching \endmdf@trivlist

****** -- success******

\mdf@envdepth=\count388
\c@mdf@env@i=\count389
\c@mdf@env@ii=\count390
\c@mdf@zref@counter=\count391
Package zref Info: New property: mdf@pagevalue on input line 895.
) (/usr/local/texlive/2026/texmf-dist/tex/latex/mparhack/mparhack.sty
Package: mparhack 2021-05-02 v1.5 (T. Sgouros and S. Ulrich)
) (/usr/local/texlive/2026/texmf-dist/tex/latex/tools/multicol.sty
Package: multicol 2025/10/21 v2.0b multicolumn formatting (FMi)
\c@tracingmulticols=\count392
\mult@box=\box105
\multicol@leftmargin=\dimen330
\c@unbalance=\count393
\c@collectmore=\count394
\doublecol@number=\count395
\multicoltolerance=\count396
\multicolpretolerance=\count397
\full@width=\dimen331
\page@free=\dimen332
\premulticols=\dimen333
\postmulticols=\dimen334
\multicolsep=\skip160
\multicolbaselineskip=\skip161
\partial@page=\box106
\last@line=\box107
\mc@boxedresult=\box108
\maxbalancingoverflow=\dimen335
\mult@rightbox=\box109
\mult@grightbox=\box110
\mult@firstbox=\box111
\mult@gfirstbox=\box112
\@tempa=\box113
\@tempa=\box114
\@tempa=\box115
\@tempa=\box116
\@tempa=\box117
\@tempa=\box118
\@tempa=\box119
\@tempa=\box120
\@tempa=\box121
\@tempa=\box122
\@tempa=\box123
\@tempa=\box124
\@tempa=\box125
\@tempa=\box126
\@tempa=\box127
\@tempa=\box128
\@tempa=\box129
\@tempa=\box130
\@tempa=\box131
\@tempa=\box132
\@tempa=\box133
\@tempa=\box134
\@tempa=\box135
\@tempa=\box136
\@tempa=\box137
\@tempa=\box138
\@tempa=\box139
\@tempa=\box140
\@tempa=\box141
\@tempa=\box142
\@tempa=\box143
\@tempa=\box144
\@tempa=\box145
\@tempa=\box146
\@tempa=\box147
\@tempa=\box148
\c@minrows=\count398
\c@columnbadness=\count399
\c@finalcolumnbadness=\count400
\last@try=\dimen336
\multicolovershoot=\dimen337
\multicolundershoot=\dimen338
\mult@nat@firstbox=\box149
\colbreak@box=\box150
\mc@col@check@num=\count401
\g__mc_curr_col_int=\count402
) (/usr/local/texlive/2026/texmf-dist/tex/latex/multirow/multirow.sty
Package: multirow 2024/11/12 v2.9 Span multiple rows of a table
\multirow@colwidth=\skip162
\multirow@cntb=\count403
\multirow@dima=\skip163
\bigstrutjot=\dimen339
) (/usr/local/texlive/2026/texmf-dist/tex/latex/parskip/parskip.sty
Package: parskip 2021-03-14 v2.0h non-zero parskip adjustments
) (/usr/local/texlive/2026/texmf-dist/tex/latex/graphics/lscape.sty
Package: lscape 2020/05/28 v3.02 Landscape Pages (DPC)
) (/usr/local/texlive/2026/texmf-dist/tex/latex/pdflscape/pdflscape.sty
Package: pdflscape 2025-06-23 v0.14 Display of landscape pages in PDF
 (/usr/local/texlive/2026/texmf-dist/tex/latex/pdflscape/pdflscape-nometadata.sty
Package: pdflscape-nometadata 2025-06-23 v0.14 Display of landscape pages in PDF (HO)
Package pdflscape Info: Auto-detected driver: pdftex on input line 81.
)) (/usr/local/texlive/2026/texmf-dist/tex/latex/ragged2e/ragged2e.sty
Package: ragged2e 2023/06/22 v3.6 ragged2e Package


LaTeX Warning: Command \@arrayparboxrestore  has changed.
               Check if current package is valid.

(/usr/local/texlive/2026/texmf-dist/tex/latex/footmisc/footmisc.sty
Package: footmisc 2025/05/09 v7.0b a miscellany of footnote facilities
\FN@temptoken=\toks53
\footnotemargin=\dimen340
Package footmisc Info: Declaring symbol style bringhurst on input line 549.
Package footmisc Info: Declaring symbol style chicago on input line 557.
Package footmisc Info: Declaring symbol style wiley on input line 566.
Package footmisc Info: Declaring symbol style lamport-robust on input line 577.
Package footmisc Info: Declaring symbol style lamport* on input line 597.
Package footmisc Info: Declaring symbol style lamport*-robust on input line 618.
)
\CenteringLeftskip=\skip164
\RaggedLeftLeftskip=\skip165
\RaggedRightLeftskip=\skip166
\CenteringRightskip=\skip167
\RaggedLeftRightskip=\skip168
\RaggedRightRightskip=\skip169
\CenteringParfillskip=\skip170
\RaggedLeftParfillskip=\skip171
\RaggedRightParfillskip=\skip172
\JustifyingParfillskip=\skip173
\CenteringParindent=\skip174
\RaggedLeftParindent=\skip175
\RaggedRightParindent=\skip176
\JustifyingParindent=\skip177
) (/usr/local/texlive/2026/texmf-dist/tex/latex/graphics/rotating.sty
Package: rotating 2025/01/14 v2.16e rotated objects in LaTeX
\c@r@tfl@t=\count404
\rotFPtop=\skip178
\rotFPbot=\skip179
\rot@float@box=\box151
\rot@mess@toks=\toks54
) (/usr/local/texlive/2026/texmf-dist/tex/latex/setspace/setspace.sty
Package: setspace 2022/12/04 v6.7b set line spacing
) (/usr/local/texlive/2026/texmf-dist/tex/latex/caption/subcaption.sty
Package: subcaption 2023/07/28 v1.6b Sub-captions (AR)
Package caption Info: New subtype `subfigure' on input line 238.
\c@subfigure=\count405
Package caption Info: New subtype `subtable' on input line 238.
\c@subtable=\count406
) (/usr/local/texlive/2026/texmf-dist/tex/latex/threeparttable/threeparttable.sty
Package: threeparttable 2003/06/13  v 3.0
\@tempboxb=\box152
) (/usr/local/texlive/2026/texmf-dist/tex/generic/ulem/ulem.sty
\UL@box=\box153
\UL@hyphenbox=\box154
\UL@skip=\skip180
\UL@hook=\toks55
\UL@height=\dimen341
\UL@pe=\count407
\UL@pixel=\dimen342
\ULC@box=\box155
Package: ulem 2019/11/18
\ULdepth=\dimen343
) (/usr/local/texlive/2026/texmf-dist/tex/generic/soul/soul.sty
Package: soul 2026-03-06 v3.2 Permit use of UTF-8 characters in soul (HO)
 (/usr/local/texlive/2026/texmf-dist/tex/generic/soul/soul-ori.sty
Package: soul-ori 2026-03-06 v3.2 letterspacing/underlining (mf)
\SOUL@word=\toks56
\SOUL@lasttoken=\toks57
\SOUL@syllable=\toks58
\SOUL@cmds=\toks59
\SOUL@buffer=\toks60
\SOUL@token=\toks61
\SOUL@syllgoal=\dimen344
\SOUL@syllwidth=\dimen345
\SOUL@charkern=\dimen346
\SOUL@hyphkern=\dimen347
\SOUL@dimen=\dimen348
\SOUL@dimeni=\dimen349
\SOUL@minus=\count408
\SOUL@comma=\count409
\SOUL@apo=\count410
\SOUL@grave=\count411
\SOUL@spaceskip=\skip181
\SOUL@ttwidth=\dimen350
\SOUL@uldp=\dimen351
\SOUL@ulht=\dimen352
)) (/usr/local/texlive/2026/texmf-dist/tex/latex/appendix/appendix.sty
Package: appendix 2020/02/08 v1.2c extra appendix facilities
\c@@pps=\count412
\c@@ppsavesec=\count413
\c@@ppsaveapp=\count414
) (/usr/local/texlive/2026/texmf-dist/tex/generic/babel/babel.sty
Package: babel 2026/03/08 v26.4 The multilingual framework for LuaLaTeX, pdfLaTeX and XeLaTeX
\babel@savecnt=\count415
LaTeX Encoding Info:    Redeclaring text command \ij (encoding OT1) on input line 2078.
LaTeX Encoding Info:    Redeclaring text command \IJ (encoding OT1) on input line 2080.
LaTeX Encoding Info:    Redeclaring text command \ij (encoding T1) on input line 2082.
LaTeX Encoding Info:    Redeclaring text command \IJ (encoding T1) on input line 2083.
LaTeX Encoding Info:    Ignoring declaration for text command \ij (encoding ?) on input line 2084.
LaTeX Encoding Info:    Ignoring declaration for text command \IJ (encoding ?) on input line 2086.
LaTeX Encoding Info:    Ignoring declaration for text command \SS (encoding ?) on input line 2111.
\U@D=\dimen353
\l@unhyphenated=\language91
 (/usr/local/texlive/2026/texmf-dist/tex/generic/babel/txtbabel.def)
\bbl@readstream=\read4
\bbl@dirlevel=\count416
 (/usr/local/texlive/2026/texmf-dist/tex/generic/babel/locale/en/babel-australian.tex)
Package babel Info: Importing font and identification data for australian
(babel)             from babel-en-AU.ini. Reported on input line 4330.
 (/usr/local/texlive/2026/texmf-dist/tex/generic/babel-english/australian.ldf
Language: australian 2017/06/06 v3.3r English support from the babel system
 (/usr/local/texlive/2026/texmf-dist/tex/generic/babel-english/english.ldf
Language: english 2017/06/06 v3.3r English support from the babel system
Package babel Info: Hyphen rules for 'canadian' set to \l@english
(babel)             (\language0). Reported on input line 102.
Package babel Info: Hyphen rules for 'australian' set to \l@ukenglish
(babel)             (\language22). Reported on input line 105.
Package babel Info: Hyphen rules for 'newzealand' set to \l@ukenglish
(babel)             (\language22). Reported on input line 108.
))) (/usr/local/texlive/2026/texmf-dist/tex/latex/csquotes/csquotes.sty
Package: csquotes 2024-04-04 v5.2o context-sensitive quotations (JAW)
\csq@reset=\count417
\csq@gtype=\count418
\csq@glevel=\count419
\csq@qlevel=\count420
\csq@maxlvl=\count421
\csq@tshold=\count422
\csq@ltx@everypar=\toks62
 (/usr/local/texlive/2026/texmf-dist/tex/latex/csquotes/csquotes.def
File: csquotes.def 2024-04-04 v5.2o csquotes generic definitions (JAW)
)
Package csquotes Info: Trying to load configuration file 'csquotes.cfg'...
Package csquotes Info: ... configuration file loaded successfully.
 (/usr/local/texlive/2026/texmf-dist/tex/latex/csquotes/csquotes.cfg
File: csquotes.cfg 
)) (/usr/local/texlive/2026/texmf-dist/tex/latex/geometry/geometry.sty
Package: geometry 2026/03/07 v6.0 Page Geometry
 (/usr/local/texlive/2026/texmf-dist/tex/generic/iftex/ifvtex.sty
Package: ifvtex 2019/10/25 v1.7 ifvtex legacy package. Use iftex instead.
)
\Gm@cnth=\count423
\Gm@cntv=\count424
\c@Gm@tempcnt=\count425
\Gm@bindingoffset=\dimen354
\Gm@wd@mp=\dimen355
\Gm@odd@mp=\dimen356
\Gm@even@mp=\dimen357
\Gm@layoutwidth=\dimen358
\Gm@layoutheight=\dimen359
\Gm@layouthoffset=\dimen360
\Gm@layoutvoffset=\dimen361
\Gm@dimlist=\toks63
) (/usr/local/texlive/2026/texmf-dist/tex/latex/lastpage/lastpage.sty
Package: lastpage 2025/08/14 v2.1h lastpage: 2.09 or 2e? (HMM)
 (/usr/local/texlive/2026/texmf-dist/tex/latex/lastpage/lastpage2e.sty
Package: lastpage2e 2025/08/14 v2.1h Decide which 2e lastpage version to use (HMM)
 (/usr/local/texlive/2026/texmf-dist/tex/latex/lastpage/lastpagemodern.sty
Package: lastpagemodern 2025-08-14 v2.1h Refers to last page's name (HMM; JPG)
\c@lastpagecount=\count426
) 
)) (/usr/local/texlive/2026/texmf-dist/tex/latex/hyperref/hyperref.sty
Package: hyperref 2026-01-29 v7.01p Hypertext links for LaTeX
 (/usr/local/texlive/2026/texmf-dist/tex/latex/hycolor/hycolor.sty
Package: hycolor 2020-01-27 v1.10 Color options for hyperref/bookmark (HO)
) (/usr/local/texlive/2026/texmf-dist/tex/latex/hyperref/nameref.sty
Package: nameref 2026-01-29 v2.58 Cross-referencing by name of section
 (/usr/local/texlive/2026/texmf-dist/tex/latex/refcount/refcount.sty
Package: refcount 2019/12/15 v3.6 Data extraction from label references (HO)
) (/usr/local/texlive/2026/texmf-dist/tex/generic/gettitlestring/gettitlestring.sty
Package: gettitlestring 2019/12/15 v1.6 Cleanup title references (HO)
)
\c@section@level=\count427
)
\@linkdim=\dimen362
\Hy@linkcounter=\count428
\Hy@pagecounter=\count429
 (/usr/local/texlive/2026/texmf-dist/tex/latex/hyperref/pd1enc.def
File: pd1enc.def 2026-01-29 v7.01p Hyperref: PDFDocEncoding definition (HO)
Now handling font encoding PD1 ...
... no UTF-8 mapping file for font encoding PD1
) (/usr/local/texlive/2026/texmf-dist/tex/generic/intcalc/intcalc.sty
Package: intcalc 2019/12/15 v1.3 Expandable calculations with integers (HO)
)
\Hy@SavedSpaceFactor=\count430
 (/usr/local/texlive/2026/texmf-dist/tex/latex/hyperref/puenc.def
File: puenc.def 2026-01-29 v7.01p Hyperref: PDF Unicode definition (HO)
Now handling font encoding PU ...
... no UTF-8 mapping file for font encoding PU
)
Package hyperref Info: Hyper figures OFF on input line 4201.
Package hyperref Info: Link nesting OFF on input line 4206.
Package hyperref Info: Hyper index ON on input line 4209.
Package hyperref Info: Plain pages OFF on input line 4216.
Package hyperref Info: Backreferencing OFF on input line 4221.
Package hyperref Info: Implicit mode ON; LaTeX internals redefined.
Package hyperref Info: Bookmarks ON on input line 4468.
\c@Hy@tempcnt=\count431
 (/usr/local/texlive/2026/texmf-dist/tex/latex/url/url.sty
\Urlmuskip=\muskip18
Package: url 2013/09/16  ver 3.4  Verb mode for urls, etc.
)
LaTeX Info: Redefining \url on input line 4807.
\XeTeXLinkMargin=\dimen363
 (/usr/local/texlive/2026/texmf-dist/tex/generic/bitset/bitset.sty
Package: bitset 2019/12/09 v1.3 Handle bit-vector datatype (HO)
 (/usr/local/texlive/2026/texmf-dist/tex/generic/bigintcalc/bigintcalc.sty
Package: bigintcalc 2019/12/15 v1.5 Expandable calculations on big integers (HO)
))
\Fld@menulength=\count432
\Field@Width=\dimen364
\Fld@charsize=\dimen365
Package hyperref Info: Hyper figures OFF on input line 6084.
Package hyperref Info: Link nesting OFF on input line 6089.
Package hyperref Info: Hyper index ON on input line 6092.
Package hyperref Info: backreferencing OFF on input line 6099.
Package hyperref Info: Link coloring OFF on input line 6104.
Package hyperref Info: Link coloring with OCG OFF on input line 6109.
Package hyperref Info: PDF/A mode OFF on input line 6114.
\Hy@abspage=\count433
\c@Item=\count434
\c@Hfootnote=\count435
)
Package hyperref Info: Driver (autodetected): hpdftex.
 (/usr/local/texlive/2026/texmf-dist/tex/latex/hyperref/hpdftex.def
File: hpdftex.def 2026-01-29 v7.01p Hyperref driver for pdfTeX
\HyAnn@Count=\count436
\Fld@listcount=\count437
\c@bookmark@seq@number=\count438
 (/usr/local/texlive/2026/texmf-dist/tex/latex/rerunfilecheck/rerunfilecheck.sty
Package: rerunfilecheck 2025-06-21 v1.11 Rerun checks for auxiliary files (HO)
 (/usr/local/texlive/2026/texmf-dist/tex/generic/uniquecounter/uniquecounter.sty
Package: uniquecounter 2019/12/15 v1.4 Provide unlimited unique counter (HO)
)
Package uniquecounter Info: New unique counter `rerunfilecheck' on input line 284.
)
\Hy@SectionHShift=\skip182
) (/usr/local/texlive/2026/texmf-dist/tex/latex/cleveref/cleveref.sty
Package: cleveref 2018/03/27 v0.21.4 Intelligent cross-referencing
Package cleveref Info: `hyperref' support loaded on input line 2370.
LaTeX Info: Redefining \cref on input line 2370.
LaTeX Info: Redefining \Cref on input line 2370.
LaTeX Info: Redefining \crefrange on input line 2370.
LaTeX Info: Redefining \Crefrange on input line 2370.
LaTeX Info: Redefining \cpageref on input line 2370.
LaTeX Info: Redefining \Cpageref on input line 2370.
LaTeX Info: Redefining \cpagerefrange on input line 2370.
LaTeX Info: Redefining \Cpagerefrange on input line 2370.
LaTeX Info: Redefining \labelcref on input line 2370.
LaTeX Info: Redefining \labelcpageref on input line 2370.
Package cleveref Info: `listings' support loaded on input line 3131.
Package cleveref Info: `algorithm2e' support loaded on input line 3147.
)
==> First Aid for cleveref.sty applied!
(/usr/local/texlive/2026/texmf-dist/tex/latex/quantikz/quantikz.sty
Package: quantikz 2023/05/24 typeset quantum circuit diagrams
 (/usr/local/texlive/2026/texmf-dist/tex/latex/quantikz/tikzlibraryquantikz2.code.tex (/usr/local/texlive/2026/texmf-dist/tex/latex/xargs/xargs.sty
Package: xargs 2008/03/22 v1.1  extended macro definitions  (mpg)
\xargs@max=\count439
\xargs@toksa=\toks64
\xargs@toksb=\toks65
) (/usr/local/texlive/2026/texmf-dist/tex/generic/xstring/xstring.sty (/usr/local/texlive/2026/texmf-dist/tex/generic/xstring/xstring.tex
\xs_counta=\count440
\xs_countb=\count441
)
Package: xstring 2023/08/22 v1.86 String manipulations (CT)
) (/usr/local/texlive/2026/texmf-dist/tex/latex/mathtools/mathtools.sty
Package: mathtools 2024/10/04 v1.31 mathematical typesetting tools
 (/usr/local/texlive/2026/texmf-dist/tex/latex/mathtools/mhsetup.sty
Package: mhsetup 2021/03/18 v1.4 programming setup (MH)
)
\g_MT_multlinerow_int=\count442
\l_MT_multwidth_dim=\dimen366
\origjot=\skip183
\l_MT_shortvdotswithinadjustabove_dim=\dimen367
\l_MT_shortvdotswithinadjustbelow_dim=\dimen368
\l_MT_above_intertext_sep=\dimen369
\l_MT_below_intertext_sep=\dimen370
\l_MT_above_shortintertext_sep=\dimen371
\l_MT_below_shortintertext_sep=\dimen372
\xmathstrut@box=\box156
\xmathstrut@dim=\dimen373
) (/usr/local/texlive/2026/texmf-dist/tex/generic/tikz-cd/tikzlibrarycd.code.tex (/usr/local/texlive/2026/texmf-dist/tex/generic/pgf/frontendlayer/tikz/libraries/tikzlibrarymatrix.code.tex
File: tikzlibrarymatrix.code.tex 2025-08-29 v3.1.11a (3.1.11a)
) (/usr/local/texlive/2026/texmf-dist/tex/generic/pgf/frontendlayer/tikz/libraries/tikzlibraryquotes.code.tex
File: tikzlibraryquotes.code.tex 2025-08-29 v3.1.11a (3.1.11a)
) (/usr/local/texlive/2026/texmf-dist/tex/generic/pgf/libraries/pgflibraryarrows.meta.code.tex
File: pgflibraryarrows.meta.code.tex 2025-08-29 v3.1.11a (3.1.11a)
\pgfarrowinset=\dimen374
\pgfarrowlength=\dimen375
\pgfarrowwidth=\dimen376
\pgfarrowlinewidth=\dimen377
)) (/usr/local/texlive/2026/texmf-dist/tex/generic/pgf/frontendlayer/tikz/libraries/tikzlibrarydecorations.pathreplacing.code.tex (/usr/local/texlive/2026/texmf-dist/tex/generic/pgf/frontendlayer/tikz/libraries/tikzlibrarydecorations.code.tex (/usr/local/texlive/2026/texmf-dist/tex/generic/pgf/modules/pgfmoduledecorations.code.tex
\pgfdecoratedcompleteddistance=\dimen378
\pgfdecoratedremainingdistance=\dimen379
\pgfdecoratedinputsegmentcompleteddistance=\dimen380
\pgfdecoratedinputsegmentremainingdistance=\dimen381
\pgf@decorate@distancetomove=\dimen382
\pgf@decorate@repeatstate=\count443
\pgfdecorationsegmentamplitude=\dimen383
\pgfdecorationsegmentlength=\dimen384
)
\tikz@lib@dec@box=\box157
) (/usr/local/texlive/2026/texmf-dist/tex/generic/pgf/libraries/decorations/pgflibrarydecorations.pathreplacing.code.tex)) (/usr/local/texlive/2026/texmf-dist/tex/generic/pgf/frontendlayer/tikz/libraries/tikzlibrarycalc.code.tex
File: tikzlibrarycalc.code.tex 2025-08-29 v3.1.11a (3.1.11a)
) (/usr/local/texlive/2026/texmf-dist/tex/generic/pgf/frontendlayer/tikz/libraries/tikzlibrarypositioning.code.tex
File: tikzlibrarypositioning.code.tex 2025-08-29 v3.1.11a (3.1.11a)
) (/usr/local/texlive/2026/texmf-dist/tex/generic/pgf/frontendlayer/tikz/libraries/tikzlibraryfit.code.tex
File: tikzlibraryfit.code.tex 2025-08-29 v3.1.11a (3.1.11a)
) (/usr/local/texlive/2026/texmf-dist/tex/generic/pgf/frontendlayer/tikz/libraries/tikzlibraryshapes.symbols.code.tex
File: tikzlibraryshapes.symbols.code.tex 2025-08-29 v3.1.11a (3.1.11a)
 (/usr/local/texlive/2026/texmf-dist/tex/generic/pgf/libraries/shapes/pgflibraryshapes.symbols.code.tex
File: pgflibraryshapes.symbols.code.tex 2025-08-29 v3.1.11a (3.1.11a)
)) (/usr/local/texlive/2026/texmf-dist/tex/generic/pgf/frontendlayer/tikz/libraries/tikzlibrarydecorations.pathmorphing.code.tex (/usr/local/texlive/2026/texmf-dist/tex/generic/pgf/libraries/decorations/pgflibrarydecorations.pathmorphing.code.tex)) (/usr/local/texlive/2026/texmf-dist/tex/generic/pgf/frontendlayer/tikz/libraries/tikzlibraryshapes.misc.code.tex
File: tikzlibraryshapes.misc.code.tex 2025-08-29 v3.1.11a (3.1.11a)
 (/usr/local/texlive/2026/texmf-dist/tex/generic/pgf/libraries/shapes/pgflibraryshapes.misc.code.tex
File: pgflibraryshapes.misc.code.tex 2025-08-29 v3.1.11a (3.1.11a)
)) (/usr/local/texlive/2026/texmf-dist/tex/generic/pgf/frontendlayer/tikz/libraries/tikzlibrarydecorations.markings.code.tex (/usr/local/texlive/2026/texmf-dist/tex/generic/pgf/libraries/decorations/pgflibrarydecorations.markings.code.tex)) (/usr/local/texlive/2026/texmf-dist/tex/generic/pgf/frontendlayer/tikz/libraries/tikzlibrarymath.code.tex (/usr/local/texlive/2026/texmf-dist/tex/generic/pgf/frontendlayer/tikz/libraries/tikzlibraryfpu.code.tex (/usr/local/texlive/2026/texmf-dist/tex/generic/pgf/libraries/pgflibraryfpu.code.tex))
\tikz@math@for@depth=\count444
\tikz@math@dimen=\dimen385
\tikz@math@toks=\toks66
)
\pgf@layerbox@background=\box158
\pgf@layerboxsaved@background=\box159
\pgf@layerbox@quantback=\box160
\pgf@layerboxsaved@quantback=\box161
\c@dummy=\count445
\myl=\skip184
\myh=\skip185
\myd=\skip186
\c@aaa=\count446
\c@wirenumberpermute=\count447
)) (/usr/local/texlive/2026/texmf-dist/tex/latex/amsfonts/amssymb.sty
Package: amssymb 2013/01/14 v3.01 AMS font symbols
 (/usr/local/texlive/2026/texmf-dist/tex/latex/amsfonts/amsfonts.sty
Package: amsfonts 2013/01/14 v3.01 Basic AMSFonts support
\symAMSa=\mathgroup4
\symAMSb=\mathgroup5
LaTeX Font Info:    Redeclaring math symbol \hbar on input line 98.
LaTeX Font Info:    Overwriting math alphabet `\mathfrak' in version `bold'
(Font)                  U/euf/m/n --> U/euf/b/n on input line 106.
)) (/usr/local/texlive/2026/texmf-dist/tex/latex/braket/braket.sty) (/usr/local/texlive/2026/texmf-dist/tex/latex/amscls/amsthm.sty
Package: amsthm 2020/05/29 v2.20.6
\thm@style=\toks67
\thm@bodyfont=\toks68
\thm@headfont=\toks69
\thm@notefont=\toks70
\thm@headpunct=\toks71
\thm@preskip=\skip187
\thm@postskip=\skip188
\thm@headsep=\skip189
\dth@everypar=\toks72
)
\c@definition=\count448
\c@theorem=\count449
\c@proposition=\count450
\c@corollary=\count451
 (/usr/local/texlive/2026/texmf-dist/tex/latex/bbm-macros/bbm.sty
Package: bbm 1999/03/15 V 1.2 provides fonts for set symbols - TH
LaTeX Font Info:    Overwriting math alphabet `\mathbbm' in version `bold'
(Font)                  U/bbm/m/n --> U/bbm/bx/n on input line 33.
LaTeX Font Info:    Overwriting math alphabet `\mathbbmss' in version `bold'
(Font)                  U/bbmss/m/n --> U/bbmss/bx/n on input line 35.
) (/usr/local/texlive/2026/texmf-dist/tex/latex/enumitem/enumitem.sty
Package: enumitem 2025/02/06 v3.11 Customized lists
\enitkv@toks@=\toks73
\labelindent=\skip190
\enit@outerparindent=\dimen386
\enit@toks=\toks74
\enit@inbox=\box162
\enit@count@id=\count452
\enitdp@description=\count453
) (/usr/local/texlive/2026/texmf-dist/tex/latex/todonotes/todonotes.sty
Package: todonotes 2024/01/05 v1.1.7 Todonotes source and documentation.
Package: todonotes 2024/01/05
\c@@todonotes@numberoftodonotes=\count454
) (/usr/local/texlive/2026/texmf-dist/tex/latex/biblatex/biblatex.sty
Package: biblatex 2025/07/10 v3.21 programmable bibliographies (PK/MW)
 (/usr/local/texlive/2026/texmf-dist/tex/latex/logreq/logreq.sty
Package: logreq 2010/08/04 v1.0 xml request logger
\lrq@indent=\count455
 (/usr/local/texlive/2026/texmf-dist/tex/latex/logreq/logreq.def
File: logreq.def 2010/08/04 v1.0 logreq spec v1.0
))
\c@tabx@nest=\count456
\c@listtotal=\count457
\c@listcount=\count458
\c@liststart=\count459
\c@liststop=\count460
\c@citecount=\count461
\c@citetotal=\count462
\c@multicitecount=\count463
\c@multicitetotal=\count464
\c@instcount=\count465
\c@maxnames=\count466
\c@minnames=\count467
\c@maxitems=\count468
\c@minitems=\count469
\c@citecounter=\count470
\c@maxcitecounter=\count471
\c@savedcitecounter=\count472
\c@uniquelist=\count473
\c@uniquename=\count474
\c@refsection=\count475
\c@refsegment=\count476
\c@maxextratitle=\count477
\c@maxextratitleyear=\count478
\c@maxextraname=\count479
\c@maxextradate=\count480
\c@maxextraalpha=\count481
\c@abbrvpenalty=\count482
\c@highnamepenalty=\count483
\c@lownamepenalty=\count484
\c@maxparens=\count485
\c@parenlevel=\count486
\blx@tempcnta=\count487
\blx@tempcntb=\count488
\blx@tempcntc=\count489
\c@blx@maxsection=\count490
\blx@maxsegment@0=\count491
\blx@notetype=\count492
\blx@parenlevel@text=\count493
\blx@parenlevel@foot=\count494
\blx@sectionciteorder@0=\count495
\blx@sectionciteorderinternal@0=\count496
\blx@entrysetcounter=\count497
\blx@biblioinstance=\count498
\labelnumberwidth=\skip191
\labelalphawidth=\skip192
\biblabelsep=\skip193
\bibitemsep=\skip194
\bibnamesep=\skip195
\bibinitsep=\skip196
\bibparsep=\skip197
\bibhang=\skip198
\blx@bcfin=\read5
\blx@bcfout=\write4
\blx@langwohyphens=\language92
\c@mincomprange=\count499
\c@maxcomprange=\count500
\c@mincompwidth=\count501
Package biblatex Info: Trying to load biblatex default data model...
Package biblatex Info: ... file 'blx-dm.def' found.
 (/usr/local/texlive/2026/texmf-dist/tex/latex/biblatex/blx-dm.def
File: blx-dm.def 2025/07/10 v3.21 biblatex datamodel (PK/MW)
)
Package biblatex Info: Trying to load biblatex style data model...
Package biblatex Info: ... file 'ieee.dbx' not found.
Package biblatex Info: Trying to load biblatex custom data model...
Package biblatex Info: ... file 'biblatex-dm.cfg' not found.
\c@afterword=\count502
\c@savedafterword=\count503
\c@annotator=\count504
\c@savedannotator=\count505
\c@author=\count506
\c@savedauthor=\count507
\c@bookauthor=\count508
\c@savedbookauthor=\count509
\c@commentator=\count510
\c@savedcommentator=\count511
\c@editor=\count512
\c@savededitor=\count513
\c@editora=\count514
\c@savededitora=\count515
\c@editorb=\count516
\c@savededitorb=\count517
\c@editorc=\count518
\c@savededitorc=\count519
\c@foreword=\count520
\c@savedforeword=\count521
\c@holder=\count522
\c@savedholder=\count523
\c@introduction=\count524
\c@savedintroduction=\count525
\c@namea=\count526
\c@savednamea=\count527
\c@nameb=\count528
\c@savednameb=\count529
\c@namec=\count530
\c@savednamec=\count531
\c@translator=\count532
\c@savedtranslator=\count533
\c@shortauthor=\count534
\c@savedshortauthor=\count535
\c@shorteditor=\count536
\c@savedshorteditor=\count537
\c@labelname=\count538
\c@savedlabelname=\count539
\c@institution=\count540
\c@savedinstitution=\count541
\c@lista=\count542
\c@savedlista=\count543
\c@listb=\count544
\c@savedlistb=\count545
\c@listc=\count546
\c@savedlistc=\count547
\c@listd=\count548
\c@savedlistd=\count549
\c@liste=\count550
\c@savedliste=\count551
\c@listf=\count552
\c@savedlistf=\count553
\c@location=\count554
\c@savedlocation=\count555
\c@organization=\count556
\c@savedorganization=\count557
\c@origlocation=\count558
\c@savedoriglocation=\count559
\c@origpublisher=\count560
\c@savedorigpublisher=\count561
\c@publisher=\count562
\c@savedpublisher=\count563
\c@language=\count564
\c@savedlanguage=\count565
\c@origlanguage=\count566
\c@savedoriglanguage=\count567
\c@pageref=\count568
\c@savedpageref=\count569
\shorthandwidth=\skip199
\shortjournalwidth=\skip256
\shortserieswidth=\skip257
\shorttitlewidth=\skip258
\shortauthorwidth=\skip259
\shorteditorwidth=\skip260
\locallabelnumberwidth=\skip261
\locallabelalphawidth=\skip262
\localshorthandwidth=\skip263
\localshortjournalwidth=\skip264
\localshortserieswidth=\skip265
\localshorttitlewidth=\skip266
\localshortauthorwidth=\skip267
\localshorteditorwidth=\skip268
Package biblatex Info: Trying to load compatibility code...
Package biblatex Info: ... file 'blx-compat.def' found.
 (/usr/local/texlive/2026/texmf-dist/tex/latex/biblatex/blx-compat.def
File: blx-compat.def 2025/07/10 v3.21 biblatex compatibility (PK/MW)
)
Package biblatex Info: Trying to load generic definitions...
Package biblatex Info: ... file 'biblatex.def' found.
 (/usr/local/texlive/2026/texmf-dist/tex/latex/biblatex/biblatex.def
File: biblatex.def 2025/07/10 v3.21 biblatex compatibility (PK/MW)
\c@textcitecount=\count570
\c@textcitetotal=\count571
\c@textcitemaxnames=\count572
\c@biburlbigbreakpenalty=\count573
\c@biburlbreakpenalty=\count574
\c@biburlnumpenalty=\count575
\c@biburlucpenalty=\count576
\c@biburllcpenalty=\count577
\biburlbigskip=\muskip19
\biburlnumskip=\muskip20
\biburlucskip=\muskip21
\biburllcskip=\muskip22
\c@smartand=\count578
)
Package biblatex Info: Trying to load bibliography style 'ieee'...
Package biblatex Info: ... file 'ieee.bbx' found.
 (/usr/local/texlive/2026/texmf-dist/tex/latex/biblatex-ieee/ieee.bbx
File: ieee.bbx 2025-08-01 v1.4f biblatex bibliography style
Package biblatex Info: Trying to load bibliography style 'numeric-comp'...
Package biblatex Info: ... file 'numeric-comp.bbx' found.
 (/usr/local/texlive/2026/texmf-dist/tex/latex/biblatex/bbx/numeric-comp.bbx
File: numeric-comp.bbx 2025/07/10 v3.21 biblatex bibliography style (PK/MW)
Package biblatex Info: Trying to load bibliography style 'numeric'...
Package biblatex Info: ... file 'numeric.bbx' found.
 (/usr/local/texlive/2026/texmf-dist/tex/latex/biblatex/bbx/numeric.bbx
File: numeric.bbx 2025/07/10 v3.21 biblatex bibliography style (PK/MW)
Package biblatex Info: Trying to load bibliography style 'standard'...
Package biblatex Info: ... file 'standard.bbx' found.
 (/usr/local/texlive/2026/texmf-dist/tex/latex/biblatex/bbx/standard.bbx
File: standard.bbx 2025/07/10 v3.21 biblatex bibliography style (PK/MW)
\c@bbx:relatedcount=\count579
\c@bbx:relatedtotal=\count580
))))
Package biblatex Info: Trying to load citation style 'ieee'...
Package biblatex Info: ... file 'ieee.cbx' found.
 (/usr/local/texlive/2026/texmf-dist/tex/latex/biblatex-ieee/ieee.cbx
File: ieee.cbx 2025-08-01 v1.4f biblatex citation style
Package biblatex Info: Trying to load citation style 'numeric-verb'...
Package biblatex Info: ... file 'numeric-verb.cbx' found.
 (/usr/local/texlive/2026/texmf-dist/tex/latex/biblatex/cbx/numeric-verb.cbx
File: numeric-verb.cbx 2025/07/10 v3.21 biblatex citation style (PK/MW)
Package biblatex Info: Redefining '\cite'.
Package biblatex Info: Redefining '\parencite'.
Package biblatex Info: Redefining '\footcite'.
Package biblatex Info: Redefining '\footcitetext'.
Package biblatex Info: Redefining '\smartcite'.
Package biblatex Info: Redefining '\textcite'.
Package biblatex Info: Redefining '\supercite'.
Package biblatex Info: Redefining '\parencites'.
Package biblatex Info: Redefining '\smartcites'.
Package biblatex Info: Redefining '\textcites'.
))
Package biblatex Info: Trying to load configuration file...
Package biblatex Info: ... file 'biblatex.cfg' found.
 (/usr/local/texlive/2026/texmf-dist/tex/latex/biblatex/biblatex.cfg
File: biblatex.cfg 
)
Package biblatex Info: Input encoding 'utf8' detected.
Package biblatex Info: Document encoding is UTF8 ....
Package biblatex Info: ... and expl3
(biblatex)             2026-01-19 L3 programming layer (loader) 
(biblatex)             is new enough (at least 2020/04/06),
(biblatex)             setting 'casechanger=expl3'.
 (/usr/local/texlive/2026/texmf-dist/tex/latex/biblatex/blx-case-expl3.sty
Package: blx-case-expl3 2025/07/10 v3.21 expl3 case changing code for biblatex
)) (/usr/local/texlive/2026/texmf-dist/tex/latex/glossaries/base/glossaries.sty
Package: glossaries 2026/03/06 v5.0 (NLCT)
 (/usr/local/texlive/2026/texmf-dist/tex/latex/mfirstuc/mfirstuc.sty
Package: mfirstuc 2025/04/03 v2.09 (NLCT)
\@glsmfirst=\toks75
\@glsmrest=\toks76
) (/usr/local/texlive/2026/texmf-dist/tex/latex/xfor/xfor.sty
Package: xfor 2009/02/05 v1.05 (NLCT)
) (/usr/local/texlive/2026/texmf-dist/tex/latex/tracklang/tracklang.sty
Package: tracklang 2025/03/11 v1.6.6 (NLCT) Track Languages
 (/usr/local/texlive/2026/texmf-dist/tex/generic/tracklang/tracklang.tex)
Package tracklang Info: Tracking dialect `australian' (language `english') on input line 264.
Package tracklang Info: Tracking dialect `australian' (language `english') on input line 264.
) (/usr/local/texlive/2026/texmf-dist/tex/latex/translator/translator.sty
Package: translator 2021-05-31 v1.12d Easy translation of strings in LaTeX
) (/usr/local/texlive/2026/texmf-dist/tex/latex/glossaries-english/glossaries-english.ldf
File: glossaries-english.ldf 2014/11/23 v1.0
) (/usr/local/texlive/2026/texmf-dist/tex/latex/datatool/datatool-base.sty
Package: datatool-base 2025/12/04 v3.4.3 (NLCT)
\l__datatool_tmpa_int=\count581
\l__datatool_tmpb_int=\count582
\l__datatool_tmpc_int=\count583
\l__datatool_tmpd_int=\count584
\l__datatool_count_int=\count585
\l__datatool_tmp_datatype_int=\count586
\l__datatool_tmpa_dim=\dimen387
\l__datatool_tmpb_dim=\dimen388
 (/usr/local/texlive/2026/texmf-dist/tex/latex/datatool/datatool-l3fp.def
File: datatool-l3fp.def 2025/12/04 v3.4.3 (NLCT)
)
\@dtl@toks=\toks77
\@dtl@tmpcount=\count587
\dtl@tmplength=\skip269
\l__datatool_measure_box=\box163
\dtl@sortresult=\count588
 (/usr/local/texlive/2026/texmf-dist/tex/latex/datatool/datatool-utf8.ldf
File: datatool-utf8.ldf 2025/12/04 v3.4.3 (NLCT)
)
\@dtl@datatype=\count589
\c_datatool_unknown_int=\count590
\l__datatool_year_int=\count591
\l__datatool_month_int=\count592
\l__datatool_day_int=\count593
\l__datatool_hour_int=\count594
\l__datatool_minute_int=\count595
\l__datatool_second_int=\count596
\l__datatool_tzhour_int=\count597
\l__datatool_tzminute_int=\count598
\l__datatool_julian_int=\count599
\l__datatool_local_julian_int=\count600
\l__datatool_prefix_int=\count601
\l__datatool_suffix_int=\count602
\@dtl@foreach@level=\count603
 (/usr/local/texlive/2026/texmf-dist/tex/latex/datatool-regions/datatool-AU.ldf
File: datatool-AU.ldf 2025/03/01 v1.0
) (/usr/local/texlive/2026/texmf-dist/tex/latex/datatool-english/datatool-english.ldf
File: datatool-english.ldf 2025/03/12 v1.1 (NLCT)
 (/usr/local/texlive/2026/texmf-dist/tex/latex/datatool-english/datatool-english-utf8.ldf
File: datatool-english-utf8.ldf 2025/03/12 v1.1 (NLCT)
))
\dtl@codeA=\count604
\dtl@codeB=\count605
)
\gls@level=\count606
\@gls@tmpb=\toks78
\gls@tmplen=\skip270
\l__glossaries_tmpa_dim=\dimen389
\l__glossaries_tmpb_dim=\dimen390
\glskeylisttok=\toks79
\glslabeltok=\toks80
\glsshorttok=\toks81
\glslongtok=\toks82
 (/usr/local/texlive/2026/texmf-dist/tex/latex/glossaries/styles/glossary-hypernav.sty
Package: glossary-hypernav 2026/03/06 v5.0 (NLCT)
) (/usr/local/texlive/2026/texmf-dist/tex/latex/glossaries/styles/glossary-list.sty
Package: glossary-list 2026/03/06 v5.0 (NLCT)
\glslistdottedwidth=\skip271
) (/usr/local/texlive/2026/texmf-dist/tex/latex/glossaries/styles/glossary-long.sty
Package: glossary-long 2026/03/06 v5.0 (NLCT)
 (/usr/local/texlive/2026/texmf-dist/tex/latex/tools/longtable.sty
Package: longtable 2025-10-13 v4.24 Multi-page Table package (DPC)
\LTleft=\skip272
\LTright=\skip273
\LTpre=\skip274
\LTpost=\skip275
\LTchunksize=\count607
\LTcapwidth=\dimen391
\LT@head=\box164
\LT@firsthead=\box165
\LT@foot=\box166
\LT@lastfoot=\box167
\LT@gbox=\box168
\LT@cols=\count608
\LT@rows=\count609
\c@LT@tables=\count610
\c@LT@chunks=\count611
\LT@p@ftn=\toks83
)
\glsdescwidth=\skip276
\glspagelistwidth=\skip277
) (/usr/local/texlive/2026/texmf-dist/tex/latex/glossaries/styles/glossary-super.sty
Package: glossary-super 2026/03/06 v5.0 (NLCT)
 (/usr/local/texlive/2026/texmf-dist/tex/latex/supertabular/supertabular.sty
Package: supertabular 2025/06/26 v4.2d the supertabular environment
\c@tracingst=\count612
\ST@wd=\dimen392
\ST@rightskip=\skip278
\ST@leftskip=\skip279
\ST@parfillskip=\skip280
\ST@pageleft=\dimen393
\ST@headht=\dimen394
\ST@tailht=\dimen395
\ST@pagesofar=\dimen396
\ST@pboxht=\dimen397
\ST@rowht=\dimen398
\ST@prevht=\dimen399
\ST@toadd=\dimen400
\ST@dimen=\dimen401
\ST@pbox=\box169
)) (/usr/local/texlive/2026/texmf-dist/tex/latex/glossaries/styles/glossary-tree.sty
Package: glossary-tree 2026/03/06 v5.0 (NLCT)
\l__glossaries_tree_max_known_level_int=\count613
\l__glossaries_tree_offset_dim=\dimen402
\l__glossaries_tree_namewidth_dim=\dimen403
\l__glossaries_tree_symbolwidth_dim=\dimen404
\l__glossaries_tree_prenamesym_width_dim=\dimen405
\l__glossaries_tree_presubnamesym_width_dim=\dimen406
\l__glossaries_tree_namewidth_padding_dim=\dimen407
\l__glossaries_tree_symbolwidth_padding_dim=\dimen408
\l__glossaries_tree_namesymbolwidth_dim=\dimen409
\l__glossaries_tree_namesymbolwidth_padding_dim=\dimen410
\l__glossaries_tree_level_int=\count614
\glstreeindent=\skip281
))
\glswrite=\write5
\glo@main@file=\write6
\openout6 = `main.glo'.

Package glossaries Info: Writing glossary file main.glo on input line 164.
\glo@acronym@file=\write7
\openout7 = `main.acn'.

Package glossaries Info: Writing glossary file main.acn on input line 164.
 (./1_header/glossary.tex)) (./0_results/results.tex (/usr/local/texlive/2026/texmf-dist/tex/latex/siunitx/siunitx.sty
Package: siunitx 2025-07-09 v3.4.14 A comprehensive (SI) units package
\l__siunitx_number_uncert_offset_int=\count615
\l__siunitx_number_exponent_fixed_int=\count616
\l__siunitx_number_min_decimal_int=\count617
\l__siunitx_number_min_integer_int=\count618
\l__siunitx_number_round_precision_int=\count619
\l__siunitx_number_lower_threshold_int=\count620
\l__siunitx_number_upper_threshold_int=\count621
\l__siunitx_number_group_first_int=\count622
\l__siunitx_number_group_size_int=\count623
\l__siunitx_number_group_minimum_int=\count624
\l__siunitx_angle_tmp_dim=\dimen411
\l__siunitx_angle_marker_box=\box170
\l__siunitx_angle_unit_box=\box171
\l__siunitx_compound_count_int=\count625
 (/usr/local/texlive/2026/texmf-dist/tex/latex/translations/translations.sty
Package: translations 2022/02/05 v1.12 internationalization of LaTeX2e packages (CN)
)
\l__siunitx_table_tmp_box=\box172
\l__siunitx_table_tmp_dim=\dimen412
\l__siunitx_table_column_width_dim=\dimen413
\l__siunitx_table_integer_box=\box173
\l__siunitx_table_decimal_box=\box174
\l__siunitx_table_uncert_box=\box175
\l__siunitx_table_before_box=\box176
\l__siunitx_table_after_box=\box177
\l__siunitx_table_before_dim=\dimen414
\l__siunitx_table_carry_dim=\dimen415
\l__siunitx_unit_tmp_int=\count626
\l__siunitx_unit_position_int=\count627
\l__siunitx_unit_total_int=\count628
)
\g__pihm_pending_int=\count629
\g__pihm_failed_int=\count630
\g__pihm_stale_int=\count631
\g__pihm_novalue_int=\count632
\g__pihm_unknown_int=\count633
\g__pihm_infeasible_int=\count634
\l__pihm_digits_int=\count635
\l__pihm_precision_int=\count636
 (./0_results/generated/numbers.tex))
Package csquotes Info: Checking for multilingual support...
Package csquotes Info: ... found 'babel' package.
Package csquotes Info: Adjusting default style.
Package csquotes Info: Redefining alias 'default' -> 'australian'.
 (build/main.aux)
\openout1 = `main.aux'.

LaTeX Font Info:    Checking defaults for OML/cmm/m/it on input line 6.
LaTeX Font Info:    ... okay on input line 6.
LaTeX Font Info:    Checking defaults for OMS/cmsy/m/n on input line 6.
LaTeX Font Info:    ... okay on input line 6.
LaTeX Font Info:    Checking defaults for OT1/cmr/m/n on input line 6.
LaTeX Font Info:    ... okay on input line 6.
LaTeX Font Info:    Checking defaults for T1/cmr/m/n on input line 6.
LaTeX Font Info:    ... okay on input line 6.
LaTeX Font Info:    Checking defaults for TS1/cmr/m/n on input line 6.
LaTeX Font Info:    ... okay on input line 6.
LaTeX Font Info:    Checking defaults for OMX/cmex/m/n on input line 6.
LaTeX Font Info:    ... okay on input line 6.
LaTeX Font Info:    Checking defaults for U/cmr/m/n on input line 6.
LaTeX Font Info:    ... okay on input line 6.
LaTeX Font Info:    Checking defaults for PD1/pdf/m/n on input line 6.
LaTeX Font Info:    ... okay on input line 6.
LaTeX Font Info:    Checking defaults for PU/pdf/m/n on input line 6.
LaTeX Font Info:    ... okay on input line 6.
 (/usr/local/texlive/2026/texmf-dist/tex/context/base/mkii/supp-pdf.mkii
[Loading MPS to PDF converter (version 2006.09.02).]
\scratchcounter=\count637
\scratchdimen=\dimen416
\scratchbox=\box178
\nofMPsegments=\count638
\nofMParguments=\count639
\everyMPshowfont=\toks84
\MPscratchCnt=\count640
\MPscratchDim=\dimen417
\MPnumerator=\count641
\makeMPintoPDFobject=\count642
\everyMPtoPDFconversion=\toks85
) (/usr/local/texlive/2026/texmf-dist/tex/latex/epstopdf-pkg/epstopdf-base.sty
Package: epstopdf-base 2020-01-24 v2.11 Base part for package epstopdf
Package epstopdf-base Info: Redefining graphics rule for `.eps' on input line 485.
 (/usr/local/texlive/2026/texmf-dist/tex/latex/latexconfig/epstopdf-sys.cfg
File: epstopdf-sys.cfg 2010/07/13 v1.3 Configuration of (r)epstopdf for TeX Live
))
\c@lstlisting=\count643
Package caption Info: Begin \AtBeginDocument code.
Package caption Info: hyperref package is loaded.
Package caption Info: longtable package is loaded.
 (/usr/local/texlive/2026/texmf-dist/tex/latex/caption/ltcaption.sty
Package: ltcaption 2021/01/08 v1.4c longtable captions (AR)
)
Package caption Info: rotating package is loaded.
Package caption Info: supertabular package is loaded.
Package caption Info: threeparttable package is loaded.
Package caption Info: End \AtBeginDocument code.
\symgns@font=\mathgroup6
LaTeX Font Info:    Overwriting symbol font `gns@font' in version `bold'
(Font)                  TS1/cmr/m/n --> TS1/cmr/b/n on input line 6.
Package gensymb Info: Math companion symbols declared on input line 6.
LaTeX Info: Redefining \degree on input line 6.
LaTeX Info: Redefining \celsius on input line 6.
Package gensymb Info: Using text companion symbols for \degree, \celsius and \perthousand on input line 6.
LaTeX Info: Redefining \ohm on input line 6.
Package gensymb Info: Using \textohm for \ohm on input line 6.
Package gensymb Info: Using \textmu for \micro on input line 6.
Package ragged2e Info: ABD: executing \RaggedRight on input line 6.

*geometry* driver: auto-detecting
*geometry* detected driver: pdftex
*geometry* verbose mode - [ preamble ] result:
* driver: pdftex
* paper: a4paper
* layout: <same size as paper>
* layoutoffset:(h,v)=(0.0pt,0.0pt)
* modes: 
* h-part:(L,W,R)=(56.9055pt, 483.69687pt, 56.9055pt)
* v-part:(T,H,B)=(56.9055pt, 731.23584pt, 56.9055pt)
* \paperwidth=597.50787pt
* \paperheight=845.04684pt
* \textwidth=483.69687pt
* \textheight=731.23584pt
* \oddsidemargin=-15.36449pt
* \evensidemargin=-15.36449pt
* \topmargin=-52.36449pt
* \headheight=12.0pt
* \headsep=25.0pt
* \topskip=12.0pt
* \footskip=30.0pt
* \marginparwidth=44.0pt
* \marginparsep=10.0pt
* \columnsep=10.0pt
* \skip\footins=10.8pt plus 4.0pt minus 2.0pt
* \hoffset=0.0pt
* \voffset=0.0pt
* \mag=1000
* \@twocolumnfalse
* \@twosidefalse
* \@mparswitchfalse
* \@reversemarginfalse
* (1in=72.27pt=25.4mm, 1cm=28.453pt)

Package hyperref Info: Link coloring OFF on input line 6.
(build/main.out) (build/main.out)
\@outlinefile=\write8
\openout8 = `main.out'.



Package todonotes Warning: The length marginparwidth is less than 2cm and will most likely cause issues with the appearance of inserted todonotes. The issue can be solved by adding a line like \setlength {\marginparwidth }{2cm} prior to loading the todonotes package. on input line 6.

Package biblatex Info: Trying to load language 'australian'...
Package biblatex Info: ... file 'australian.lbx' found.
(/usr/local/texlive/2026/texmf-dist/tex/latex/biblatex/lbx/australian.lbx
File: australian.lbx 2025/07/10 v3.21 biblatex localization (PK/MW)
Package biblatex Info: Trying to load language 'british'...
Package biblatex Info: ... file 'british.lbx' found.
 (/usr/local/texlive/2026/texmf-dist/tex/latex/biblatex/lbx/british.lbx
File: british.lbx 2025/07/10 v3.21 biblatex localization (PK/MW)
)
Package biblatex Info: Trying to load language 'english'...
Package biblatex Info: ... file 'english.lbx' found.
 (/usr/local/texlive/2026/texmf-dist/tex/latex/biblatex/lbx/english.lbx
File: english.lbx 2025/07/10 v3.21 biblatex localization (PK/MW)
))
Package biblatex Info: Input encoding 'utf8' detected.
Package biblatex Info: Automatic encoding selection.
(biblatex)             Assuming data encoding 'utf8'.
\openout4 = `main.bcf'.

Package biblatex Info: Trying to load bibliographic data...
Package biblatex Info: ... file 'main.bbl' found.
 (build/main.bbl)
Package biblatex Info: Reference section=0 on input line 6.
Package biblatex Info: Reference segment=0 on input line 6.
 (/usr/local/texlive/2026/texmf-dist/tex/latex/translations/translations-basic-dictionary-english.trsl
File: translations-basic-dictionary-english.trsl (english translation file `translations-basic-dictionary')
) (./1_header/1_title.tex
*geometry* verbose mode - [ newgeometry ] result:
* driver: pdftex
* paper: a4paper
* layout: <same size as paper>
* layoutoffset:(h,v)=(0.0pt,0.0pt)
* modes: 
* h-part:(L,W,R)=(56.9055pt, 483.69687pt, 56.9055pt)
* v-part:(T,H,B)=(128.0374pt, 660.10394pt, 56.9055pt)
* \paperwidth=597.50787pt
* \paperheight=845.04684pt
* \textwidth=483.69687pt
* \textheight=660.10394pt
* \oddsidemargin=-15.36449pt
* \evensidemargin=-15.36449pt
* \topmargin=18.76741pt
* \headheight=12.0pt
* \headsep=25.0pt
* \topskip=12.0pt
* \footskip=30.0pt
* \marginparwidth=44.0pt
* \marginparsep=10.0pt
* \columnsep=10.0pt
* \skip\footins=10.8pt plus 4.0pt minus 2.0pt
* \hoffset=0.0pt
* \voffset=0.0pt
* \mag=1000
* \@twocolumnfalse
* \@twosidefalse
* \@mparswitchfalse
* \@reversemarginfalse
* (1in=72.27pt=25.4mm, 1cm=28.453pt)

<Figs/uwa.PNG, id=380, 165.0165pt x 187.902pt>
File: Figs/uwa.PNG Graphic file (type png)
<use Figs/uwa.PNG>
Package pdftex.def Info: Figs/uwa.PNG  used on input line 10.
(pdftex.def)             Requested size: 120.92421pt x 137.69487pt.
 [1

\openout5 = `main.ist'.


{/usr/local/texlive/2026/texmf-var/fonts/map/pdftex/updmap/pdftex.map}{/usr/local/texlive/2026/texmf-dist/fonts/enc/dvips/cm-super/cm-super-t1.enc} <./Figs/uwa.PNG>]) (./1_header/3_declaration.tex
<Figs/SignatureDP.jpg, id=393, 665.48625pt x 374.39874pt>
File: Figs/SignatureDP.jpg Graphic file (type jpg)
<use Figs/SignatureDP.jpg>
Package pdftex.def Info: Figs/SignatureDP.jpg  used on input line 19.
(pdftex.def)             Requested size: 75.85403pt x 42.67912pt.
LaTeX Font Info:    Trying to load font information for U+msa on input line 26.
 (/usr/local/texlive/2026/texmf-dist/tex/latex/amsfonts/umsa.fd
File: umsa.fd 2013/01/14 v3.01 AMS symbols A
)
LaTeX Font Info:    Trying to load font information for U+msb on input line 26.
 (/usr/local/texlive/2026/texmf-dist/tex/latex/amsfonts/umsb.fd
File: umsb.fd 2013/01/14 v3.01 AMS symbols B
)
<Figs/SignatureJW.png, id=394, 158.5925pt x 46.1725pt>
File: Figs/SignatureJW.png Graphic file (type png)
<use Figs/SignatureJW.png>
Package pdftex.def Info: Figs/SignatureJW.png  used on input line 33.
(pdftex.def)             Requested size: 146.5941pt x 42.67912pt.
) [1



 <./Figs/SignatureDP.jpg> <./Figs/SignatureJW.png>] (./1_header/2_acknowledgments.tex)
Overfull \hbox (5.63206pt too wide) in paragraph at lines 3--19
[]\T1/cmr/m/n/12 I would also like to thank my fam-ily and friends for their sup-port and en-cour-age-ment through- 
 []

[2

] (./1_header/4_StudentAchievement.tex) [3

] (./1_header/5_abstract.tex) [4

] (build/main.toc [5

] [6])
\tf@toc=\write9
\openout9 = `main.toc'.

 [7] (build/main.lof)
\tf@lof=\write10
\openout10 = `main.lof'.

 [8

] (build/main.lot [9

])
\tf@lot=\write11
\openout11 = `main.lot'.

 [10] (./1_header/6_notation.tex
LaTeX Font Info:    Trying to load font information for U+bbm on input line 57.
 (/usr/local/texlive/2026/texmf-dist/tex/latex/bbm-macros/ubbm.fd
File: ubbm.fd 1999/03/15 V 1.2 Font definition for bbm font - TH
) [11

]) [12] (./2_body/1_introduction.tex)
pdfTeX warning (ext4): destination with the same identifier (name{page.1}) has been already used, duplicate ignored
<to be read again> 
                   \relax 
l.55 \newpage
              \todo{remove this once the introduction is complete.} [1

]
Package hyperref Info: bookmark level for unknown todo defaults to 0 on input line 55.

Overfull \hbox (1.48502pt too wide) in paragraph at lines 55--55
[][][]\T1/cmr/m/n/12 remove 
 []


Overfull \hbox (1.48502pt too wide) in paragraph at lines 55--55
[][][]\T1/cmr/m/n/12 remove 
 []


LaTeX Warning: Marginpar on page 2 moved.

(./2_body/2_literature.tex [2]
Overfull \hbox (10.94795pt too wide) in paragraph at lines 111--111
\T1/cmr/m/n/12 quantum 
 []


Overfull \hbox (10.94795pt too wide) in paragraph at lines 111--111
\T1/cmr/m/n/12 quantum 
 []


LaTeX Warning: Marginpar on page 3 moved.

[3]) (./2_body/3_pihm.tex [4] [5] [6] [7]
Overfull \hbox (12.14166pt too wide) in paragraph at lines 127--128
 []\T1/cmr/bx/n/12 Data con-straints.[] \T1/cmr/m/n/12 Bound-ary and ini-tial con-di-tions are built from one rank-one point-evaluation
 []


Overfull \hbox (18.44145pt too wide) in paragraph at lines 140--141
[]\T1/cmr/bx/n/12 Definition 10 (Phys-ic-s-in-formed ef-fect-ive Hamilto-nian): []\T1/cmr/m/n/12 Col-lect-ing the differential-equation
 []

[8] [9]) (./2_body/4_pipeline.tex [10] [11]
Underfull \hbox (badness 1365) in paragraph at lines 315--315
[]|\T1/cmr/m/n/10.95 statevector per in-put column; 
 []

) (./2_body/5_standard.tex [12] [13] [14]) (./2_body/6_descriptor.tex
Overfull \hbox (20.24571pt too wide) in paragraph at lines 39--39
[][][]\T1/cmr/m/n/12 Remember 
 []


Overfull \hbox (1.15869pt too wide) in paragraph at lines 39--39
\T1/cmr/m/n/12 ground[]  
 []


Overfull \hbox (20.24571pt too wide) in paragraph at lines 39--39
[][][]\T1/cmr/m/n/12 Remember 
 []


Overfull \hbox (1.15869pt too wide) in paragraph at lines 39--39
\T1/cmr/m/n/12 ground[]  
 []


LaTeX Warning: Marginpar on page 15 moved.

[15] [16]
Overfull \hbox (7.68285pt too wide) in paragraph at lines 124--126
[]\T1/cmr/bx/n/12 Definition 11 (Descriptor form re-sid-ual op-er-ator): []\T1/cmr/m/n/12 Col-lect-ing all block rows, the descriptor
 []

[17] [18]) (./2_body/7_nonlinear.tex [19]) (./2_body/8_results.tex) (./2_body/9_discussion.tex) (./2_body/10_conclusions.tex) [20] [21] [22] [23]
Overfull \hbox (4.40277pt too wide) in paragraph at lines 95--95
\T1/cmr/m/n/12 conditioned dif-fer-en-ti-ation via a change of ul-tra-s-pher-ical basis. Ante-cedent of the descriptor
 []

[24]
Overfull \hbox (80.81854pt too wide) in paragraph at lines 95--95
[]\T1/cmr/m/n/12 L. Lin, \T1/cmr/m/it/12 Lec-ture notes on quantum al-gorithms for sci-entific com-pu-ta-tion\T1/cmr/m/n/12 , ht-tps://arxiv.org/abs/2201.08309,
 []


Overfull \hbox (24.29745pt too wide) in paragraph at lines 95--95
\T1/cmr/m/n/12 SWITCH-test readout pro-tocol spe-cial-ised in readout.py, 2025. arXiv: []$2505 . 08613$ \T1/cmtt/m/n/12 [quant-ph][]\T1/cmr/m/n/12 . 
 []

[25]
Overfull \hbox (27.54176pt too wide) in paragraph at lines 95--95
[]\T1/cmr/m/it/12 QRTlib\T1/cmr/m/n/12 , Quantum real-transform (DCT/DST/Hartley) cir-cuit lib-rary ex-tend-ing Klappenecker--
 []


Overfull \hbox (8.02925pt too wide) in paragraph at lines 95--95
\T1/cmr/m/n/12 p. 163, 2019, Cited in-repo only as ``Low & Chuang, sem-inal work'' with no title/venue/arXiv
 []

[26]
Overfull \hbox (115.66875pt too wide) in paragraph at lines 95--95
\T1/cmr/m/it/12 com-pu-ta-tions\T1/cmr/m/n/12 , Used only in aban-doned scratch ex-per-i-ment-a-tion (note-books/scratch/ResearchPlayground.ipynb);
 []

[27] (build/main.atoc [28

] [29])
\tf@atoc=\write12
\openout12 = `main.atoc'.

 [30] (./3_footer/appendices.tex (./3_footer/appendices/A_gates.tex) (./3_footer/appendices/B_chebyshev.tex [31

] [32]) (./3_footer/appendices/C_standard_form.tex [33]) (./3_footer/appendices/D_published_circuits.tex [34] [35]) (./3_footer/appendices/E_structured.tex) (./3_footer/appendices/F_pipeline.tex [36]) (./3_footer/appendices/G_descriptor.tex [37]
Overfull \hbox (18.77927pt too wide) in paragraph at lines 69--80
 [] 
 []

) (./3_footer/appendices/H_nonlinear.tex) (./3_footer/appendices/I_verification.tex [38]) (./3_footer/appendices/J_catalogue.tex [39]) (./3_footer/appendices/K_reproduction.tex [40] [41] [42]) (./3_footer/appendices/L_software.tex [43]) (./3_footer/appendices/M_proposal.tex
<3_footer/research_proposal.pdf, id=1311, 597.50829pt x 845.0471pt>
File: 3_footer/research_proposal.pdf Graphic file (type pdf)
<use 3_footer/research_proposal.pdf>
Package pdftex.def Info: 3_footer/research_proposal.pdf  used on input line 43.
(pdftex.def)             Requested size: 597.50682pt x 845.04504pt.
<3_footer/research_proposal.pdf, id=1313, page=1, 597.50829pt x 845.0471pt>
File: 3_footer/research_proposal.pdf Graphic file (type pdf)
<use 3_footer/research_proposal.pdf, page 1>
Package pdftex.def Info: 3_footer/research_proposal.pdf , page1 used on input line 43.
(pdftex.def)             Requested size: 597.50682pt x 845.04504pt.
File: 3_footer/research_proposal.pdf Graphic file (type pdf)
<use 3_footer/research_proposal.pdf, page 1>
Package pdftex.def Info: 3_footer/research_proposal.pdf , page1 used on input line 43.
(pdftex.def)             Requested size: 537.75249pt x 760.53537pt.
 [44]
File: 3_footer/research_proposal.pdf Graphic file (type pdf)
<use 3_footer/research_proposal.pdf, page 1>
Package pdftex.def Info: 3_footer/research_proposal.pdf , page1 used on input line 43.
(pdftex.def)             Requested size: 537.75249pt x 760.53537pt.
File: 3_footer/research_proposal.pdf Graphic file (type pdf)
<use 3_footer/research_proposal.pdf, page 1>
Package pdftex.def Info: 3_footer/research_proposal.pdf , page1 used on input line 43.
(pdftex.def)             Requested size: 537.75249pt x 760.53537pt.
File: 3_footer/research_proposal.pdf Graphic file (type pdf)
<use 3_footer/research_proposal.pdf, page 1>
Package pdftex.def Info: 3_footer/research_proposal.pdf , page1 used on input line 43.
(pdftex.def)             Requested size: 537.75249pt x 760.53537pt.
 [45

 <./3_footer/research_proposal.pdf>]
<3_footer/research_proposal.pdf, id=1335, page=2, 597.50829pt x 845.0471pt>
File: 3_footer/research_proposal.pdf Graphic file (type pdf)
<use 3_footer/research_proposal.pdf, page 2>
Package pdftex.def Info: 3_footer/research_proposal.pdf , page2 used on input line 43.
(pdftex.def)             Requested size: 537.75249pt x 760.53537pt.
File: 3_footer/research_proposal.pdf Graphic file (type pdf)
<use 3_footer/research_proposal.pdf, page 2>
Package pdftex.def Info: 3_footer/research_proposal.pdf , page2 used on input line 43.
(pdftex.def)             Requested size: 537.75249pt x 760.53537pt.
File: 3_footer/research_proposal.pdf Graphic file (type pdf)
<use 3_footer/research_proposal.pdf, page 2>
Package pdftex.def Info: 3_footer/research_proposal.pdf , page2 used on input line 43.
(pdftex.def)             Requested size: 537.75249pt x 760.53537pt.
 [46

 <./3_footer/research_proposal.pdf>]
<3_footer/research_proposal.pdf, id=1341, page=3, 597.50829pt x 845.0471pt>
File: 3_footer/research_proposal.pdf Graphic file (type pdf)
<use 3_footer/research_proposal.pdf, page 3>
Package pdftex.def Info: 3_footer/research_proposal.pdf , page3 used on input line 43.
(pdftex.def)             Requested size: 537.75249pt x 760.53537pt.
File: 3_footer/research_proposal.pdf Graphic file (type pdf)
<use 3_footer/research_proposal.pdf, page 3>
Package pdftex.def Info: 3_footer/research_proposal.pdf , page3 used on input line 43.
(pdftex.def)             Requested size: 537.75249pt x 760.53537pt.
File: 3_footer/research_proposal.pdf Graphic file (type pdf)
<use 3_footer/research_proposal.pdf, page 3>
Package pdftex.def Info: 3_footer/research_proposal.pdf , page3 used on input line 43.
(pdftex.def)             Requested size: 537.75249pt x 760.53537pt.
 [47

 <./3_footer/research_proposal.pdf>]
<3_footer/research_proposal.pdf, id=1370, page=4, 597.50829pt x 845.0471pt>
File: 3_footer/research_proposal.pdf Graphic file (type pdf)
<use 3_footer/research_proposal.pdf, page 4>
Package pdftex.def Info: 3_footer/research_proposal.pdf , page4 used on input line 43.
(pdftex.def)             Requested size: 537.75249pt x 760.53537pt.
File: 3_footer/research_proposal.pdf Graphic file (type pdf)
<use 3_footer/research_proposal.pdf, page 4>
Package pdftex.def Info: 3_footer/research_proposal.pdf , page4 used on input line 43.
(pdftex.def)             Requested size: 537.75249pt x 760.53537pt.
File: 3_footer/research_proposal.pdf Graphic file (type pdf)
<use 3_footer/research_proposal.pdf, page 4>
Package pdftex.def Info: 3_footer/research_proposal.pdf , page4 used on input line 43.
(pdftex.def)             Requested size: 537.75249pt x 760.53537pt.
 [48

 <./3_footer/research_proposal.pdf>]
<3_footer/research_proposal.pdf, id=1406, page=5, 597.50829pt x 845.0471pt>
File: 3_footer/research_proposal.pdf Graphic file (type pdf)
<use 3_footer/research_proposal.pdf, page 5>
Package pdftex.def Info: 3_footer/research_proposal.pdf , page5 used on input line 43.
(pdftex.def)             Requested size: 537.75249pt x 760.53537pt.
File: 3_footer/research_proposal.pdf Graphic file (type pdf)
<use 3_footer/research_proposal.pdf, page 5>
Package pdftex.def Info: 3_footer/research_proposal.pdf , page5 used on input line 43.
(pdftex.def)             Requested size: 537.75249pt x 760.53537pt.
File: 3_footer/research_proposal.pdf Graphic file (type pdf)
<use 3_footer/research_proposal.pdf, page 5>
Package pdftex.def Info: 3_footer/research_proposal.pdf , page5 used on input line 43.
(pdftex.def)             Requested size: 537.75249pt x 760.53537pt.
 [49

 <./3_footer/research_proposal.pdf>]
<3_footer/research_proposal.pdf, id=1426, page=6, 597.50829pt x 845.0471pt>
File: 3_footer/research_proposal.pdf Graphic file (type pdf)
<use 3_footer/research_proposal.pdf, page 6>
Package pdftex.def Info: 3_footer/research_proposal.pdf , page6 used on input line 43.
(pdftex.def)             Requested size: 537.75249pt x 760.53537pt.
File: 3_footer/research_proposal.pdf Graphic file (type pdf)
<use 3_footer/research_proposal.pdf, page 6>
Package pdftex.def Info: 3_footer/research_proposal.pdf , page6 used on input line 43.
(pdftex.def)             Requested size: 537.75249pt x 760.53537pt.
File: 3_footer/research_proposal.pdf Graphic file (type pdf)
<use 3_footer/research_proposal.pdf, page 6>
Package pdftex.def Info: 3_footer/research_proposal.pdf , page6 used on input line 43.
(pdftex.def)             Requested size: 537.75249pt x 760.53537pt.
 [50

 <./3_footer/research_proposal.pdf>]
<3_footer/research_proposal.pdf, id=1431, page=7, 597.50829pt x 845.0471pt>
File: 3_footer/research_proposal.pdf Graphic file (type pdf)
<use 3_footer/research_proposal.pdf, page 7>
Package pdftex.def Info: 3_footer/research_proposal.pdf , page7 used on input line 43.
(pdftex.def)             Requested size: 537.75249pt x 760.53537pt.
File: 3_footer/research_proposal.pdf Graphic file (type pdf)
<use 3_footer/research_proposal.pdf, page 7>
Package pdftex.def Info: 3_footer/research_proposal.pdf , page7 used on input line 43.
(pdftex.def)             Requested size: 537.75249pt x 760.53537pt.
File: 3_footer/research_proposal.pdf Graphic file (type pdf)
<use 3_footer/research_proposal.pdf, page 7>
Package pdftex.def Info: 3_footer/research_proposal.pdf , page7 used on input line 43.
(pdftex.def)             Requested size: 537.75249pt x 760.53537pt.
 [51

 <./3_footer/research_proposal.pdf>]
<3_footer/research_proposal.pdf, id=1445, page=8, 597.50829pt x 845.0471pt>
File: 3_footer/research_proposal.pdf Graphic file (type pdf)
<use 3_footer/research_proposal.pdf, page 8>
Package pdftex.def Info: 3_footer/research_proposal.pdf , page8 used on input line 43.
(pdftex.def)             Requested size: 537.75249pt x 760.53537pt.
File: 3_footer/research_proposal.pdf Graphic file (type pdf)
<use 3_footer/research_proposal.pdf, page 8>
Package pdftex.def Info: 3_footer/research_proposal.pdf , page8 used on input line 43.
(pdftex.def)             Requested size: 537.75249pt x 760.53537pt.
File: 3_footer/research_proposal.pdf Graphic file (type pdf)
<use 3_footer/research_proposal.pdf, page 8>
Package pdftex.def Info: 3_footer/research_proposal.pdf , page8 used on input line 43.
(pdftex.def)             Requested size: 537.75249pt x 760.53537pt.
 [52

 <./3_footer/research_proposal.pdf>]
<3_footer/research_proposal.pdf, id=1459, page=9, 597.50829pt x 845.0471pt>
File: 3_footer/research_proposal.pdf Graphic file (type pdf)
<use 3_footer/research_proposal.pdf, page 9>
Package pdftex.def Info: 3_footer/research_proposal.pdf , page9 used on input line 43.
(pdftex.def)             Requested size: 537.75249pt x 760.53537pt.
File: 3_footer/research_proposal.pdf Graphic file (type pdf)
<use 3_footer/research_proposal.pdf, page 9>
Package pdftex.def Info: 3_footer/research_proposal.pdf , page9 used on input line 43.
(pdftex.def)             Requested size: 537.75249pt x 760.53537pt.
File: 3_footer/research_proposal.pdf Graphic file (type pdf)
<use 3_footer/research_proposal.pdf, page 9>
Package pdftex.def Info: 3_footer/research_proposal.pdf , page9 used on input line 43.
(pdftex.def)             Requested size: 537.75249pt x 760.53537pt.
 [53

 <./3_footer/research_proposal.pdf>]
<3_footer/research_proposal.pdf, id=1464, page=10, 597.50829pt x 845.0471pt>
File: 3_footer/research_proposal.pdf Graphic file (type pdf)
<use 3_footer/research_proposal.pdf, page 10>
Package pdftex.def Info: 3_footer/research_proposal.pdf , page10 used on input line 43.
(pdftex.def)             Requested size: 537.75249pt x 760.53537pt.
File: 3_footer/research_proposal.pdf Graphic file (type pdf)
<use 3_footer/research_proposal.pdf, page 10>
Package pdftex.def Info: 3_footer/research_proposal.pdf , page10 used on input line 43.
(pdftex.def)             Requested size: 537.75249pt x 760.53537pt.
File: 3_footer/research_proposal.pdf Graphic file (type pdf)
<use 3_footer/research_proposal.pdf, page 10>
Package pdftex.def Info: 3_footer/research_proposal.pdf , page10 used on input line 43.
(pdftex.def)             Requested size: 537.75249pt x 760.53537pt.
 [54

 <./3_footer/research_proposal.pdf>])) [55]

Package glossaries Warning: No \printglossary or \printglossaries found. 
(Remove \makeglossaries if you don't want any glossaries.) 
This document will not have a glossary.


enddocument/afterlastpage (AED): lastpage setting LastPage.
(build/main.aux)
 ***********
LaTeX2e <2025-11-01>
L3 programming layer <2026-01-19>
 ***********
Package rerunfilecheck Info: File `main.out' has not changed.
(rerunfilecheck)             Checksum: 27F31AF638A4DEFE4AC5D2EC6EC7D25F;19333.
Package logreq Info: Writing requests to 'main.run.xml'.
\openout1 = `main.run.xml'.

 ) 
Here is how much of TeX's memory you used:
 114099 strings out of 467525
 4735045 string characters out of 5418982
 2955228 words of memory out of 5000000
 141463 multiletter control sequences out of 15000+600000
 654383 words of font info for 112 fonts, out of 8000000 for 9000
 1141 hyphenation exceptions out of 8191
 103i,18n,120p,2579b,2952s stack positions out of 10000i,1000n,20000p,200000b,200000s

pdfTeX warning (dest): name{glo:qite} has been referenced but does not exist, replaced by a fixed one


pdfTeX warning (dest): name{glo:dae} has been referenced but does not exist, replaced by a fixed one


pdfTeX warning (dest): name{glo:ode} has been referenced but does not exist, replaced by a fixed one

 </Users/dhyan/Library/texlive/2026/texmf-var/fonts/pk/ljfour/public/bbm/bbm10.657pk> </Users/dhyan/Library/texlive/2026/texmf-var/fonts/pk/ljfour/public/bbm/bbm12.600pk></usr/local/texlive/2026/texmf-dist/fonts/type1/public/amsfonts/cm/cmex10.pfb></usr/local/texlive/2026/texmf-dist/fonts/type1/public/amsfonts/cm/cmmi10.pfb></usr/local/texlive/2026/texmf-dist/fonts/type1/public/amsfonts/cm/cmmi12.pfb></usr/local/texlive/2026/texmf-dist/fonts/type1/public/amsfonts/cm/cmmi6.pfb></usr/local/texlive/2026/texmf-dist/fonts/type1/public/amsfonts/cm/cmmi8.pfb></usr/local/texlive/2026/texmf-dist/fonts/type1/public/amsfonts/cm/cmr10.pfb></usr/local/texlive/2026/texmf-dist/fonts/type1/public/amsfonts/cm/cmr12.pfb></usr/local/texlive/2026/texmf-dist/fonts/type1/public/amsfonts/cm/cmr6.pfb></usr/local/texlive/2026/texmf-dist/fonts/type1/public/amsfonts/cm/cmr8.pfb></usr/local/texlive/2026/texmf-dist/fonts/type1/public/amsfonts/cm/cmsy10.pfb></usr/local/texlive/2026/texmf-dist/fonts/type1/public/amsfonts/cm/cmsy6.pfb></usr/local/texlive/2026/texmf-dist/fonts/type1/public/amsfonts/cm/cmsy8.pfb></usr/local/texlive/2026/texmf-dist/fonts/type1/public/lm/lmbx12.pfb></usr/local/texlive/2026/texmf-dist/fonts/type1/public/lm/lmex10.pfb></usr/local/texlive/2026/texmf-dist/fonts/type1/public/lm/lmmi12.pfb></usr/local/texlive/2026/texmf-dist/fonts/type1/public/lm/lmmi6.pfb></usr/local/texlive/2026/texmf-dist/fonts/type1/public/lm/lmmi8.pfb></usr/local/texlive/2026/texmf-dist/fonts/type1/public/lm/lmr12.pfb></usr/local/texlive/2026/texmf-dist/fonts/type1/public/lm/lmr6.pfb></usr/local/texlive/2026/texmf-dist/fonts/type1/public/lm/lmr8.pfb></usr/local/texlive/2026/texmf-dist/fonts/type1/public/lm/lmri12.pfb></usr/local/texlive/2026/texmf-dist/fonts/type1/public/lm/lmsy10.pfb></usr/local/texlive/2026/texmf-dist/fonts/type1/public/lm/lmsy6.pfb></usr/local/texlive/2026/texmf-dist/fonts/type1/public/lm/lmsy8.pfb></usr/local/texlive/2026/texmf-dist/fonts/type1/public/amsfonts/symbols/msam10.pfb></usr/local/texlive/2026/texmf-dist/fonts/type1/public/amsfonts/symbols/msbm10.pfb></usr/local/texlive/2026/texmf-dist/fonts/type1/public/cm-super/sfbx1200.pfb></usr/local/texlive/2026/texmf-dist/fonts/type1/public/cm-super/sfcc1200.pfb></usr/local/texlive/2026/texmf-dist/fonts/type1/public/cm-super/sfcc1728.pfb></usr/local/texlive/2026/texmf-dist/fonts/type1/public/cm-super/sfit1200.pfb></usr/local/texlive/2026/texmf-dist/fonts/type1/public/cm-super/sfrm0800.pfb></usr/local/texlive/2026/texmf-dist/fonts/type1/public/cm-super/sfrm1000.pfb></usr/local/texlive/2026/texmf-dist/fonts/type1/public/cm-super/sfrm1200.pfb></usr/local/texlive/2026/texmf-dist/fonts/type1/public/cm-super/sfti1200.pfb></usr/local/texlive/2026/texmf-dist/fonts/type1/public/cm-super/sfti1728.pfb></usr/local/texlive/2026/texmf-dist/fonts/type1/public/cm-super/sftt1000.pfb></usr/local/texlive/2026/texmf-dist/fonts/type1/public/cm-super/sftt1200.pfb>
Output written on build/main.pdf (68 pages, 1526425 bytes).
PDF statistics:
 1690 PDF objects out of 1728 (max. 8388607)
 1473 compressed objects within 15 object streams
 427 named destinations out of 1000 (max. 500000)
 904 words of extra memory for PDF output out of 10000 (max. 10000000)

